tree
version=v4
num_class=1
num_tree_per_iteration=1
label_index=0
max_feature_idx=8
objective=binary sigmoid:1
feature_names=amount amount_ratio new_country new_device vpn merchant_seen velocity_1h hours_since_prev travel_speed_kmh
feature_infos=[500:3174850] [0.0067548486936484086:186.72679045092838] [0:1] [0:1] [0:1] [0:1] [0:13] [0:720] [0:5000]
tree_sizes=3321 3301 3388 3395 3407 3394 3402 3196 3393 3192 3404 3406 3417 3212 3004 3426 3411 3417 3429 3401 3421 3413 3405 3410 3428 3416 3423 3429 3425 3431 3415 3433 3417 3430 3437 3426 3420 3437 3416 3438 3432 3432 3414 3430 3421 3434 3419 3440 3428 3448 3455 3445 3438 3440 3434 3452 3465 3445 3462 3431 3446 3439 3452 3426 3440 3437 3445 3446 3433 3441 3468 3451 3446 3437 3440 3449 3465 3457 3450 3443 3459 3424 3467 3468 3454 3458 3457 3438 3455 3449 3465 3475 3463 3468 3439 3465

Tree=0
num_leaves=31
num_cat=0
split_feature=6 0 1 3 7 7 7 0 8 3 0 7 7 0 1 7 8 0 1 0 7 0 1 0 1 7 1 1 0 8
split_gain=17114 11572.8 2086.55 2930.41 1906.23 600.176 549.983 370.693 140.738 129.263 347.732 217.905 62.4523 184.308 58.1053 56.5247 17.1789 11.2539 5.99686 4.77234 3.58202 9.09762 3.32452 2.42134 1.80698 1.51819 0.401331 0.705536 0.37451 1.40351
threshold=1.5000000000000002 15125.000000000002 4.6099034098427021 1.0000000180025095e-35 0.30074496361111119 254.17638888888891 0.092348481944444463 15875.000000000002 885.61210271637276 1.0000000180025095e-35 48425.000000000007 716.72763888888892 0.30074496361111119 65925.000000000015 1.6301735686413521 105.33791666666669 3463.0037898505957 31925.000000000004 0.56836542994196415 50225.000000000007 168.37486111111113 16925.000000000004 1.5748939375216982 34225.000000000007 0.83021112162956201 1.0898611111111112 2.1942618162506644 1.747067029386645 27525.000000000004 1146.7097124840948
decision_type=2 2 2 2 2 2 2 2 2 2 2 2 2 2 2 2 2 2 2 2 2 2 2 2 2 2 2 2 2 2
left_child=2 -2 6 4 -4 -5 7 -1 19 12 14 -12 13 22 17 -16 28 20 -18 23 21 -11 -8 -6 -23 -21 27 -17 -14 -30
right_child=1 -3 3 5 8 -7 9 -9 -10 10 11 -13 16 -15 15 26 18 -19 -20 25 -22 24 -24 -25 -26 -27 -28 -29 29 -31
leaf_value=-4.5028598185791706 -4.511419634138675 -1.0000171474526978 -2.7260915002580242 -2.3163613633163158 -4.490942172984 -4.4177792746528111 -4.5128647843649548 -3.5621226459521083 -4.0291583241626947 -4.5128469686882475 -3.6672924599428116 -4.4773903582371313 -4.5209249878513189 -3.8649244694598157 -4.11803312189374 -4.4539065825619719 -4.4879334387329921 -4.3728380312751618 -4.3141189986791249 -4.4533899354612787 -4.5192196671903888 -4.468421239945755 -4.4285824685254855 -4.3976164364237036 -4.3798939143500037 -4.5181178340515258 -4.4533899354612787 -4.5000247395931998 -4.5161450477252032 -4.4558974598597478
leaf_weight=1.6652035145089024 3.8556725671514851 4.9062036434188485 0.7823103759437825 1.7434345521032804 0.63702416326850364 0.44703450053930271 4.6379829430952659 1.5534448893740771 0.72643106337636787 4.6268070805817976 1.3411035016179076 1.2628724640235305 549.31599426269531 0.44703450053930271 1.1064103888347738 0.48056208807975087 0.49173795059323211 0.68172761332243581 0.44703450053930283 0.46938622556626697 18.339590384624898 0.88289313856512341 0.61467243824154127 0.61467243824154139 1.1175862513482568 12.606372915208338 0.46938622556626786 1.3187517765909431 166.073316950351 0.52526553813367982
leaf_count=149 345 439 70 156 57 40 415 139 65 414 120 113 49152 40 99 43 44 61 40 42 1641 79 55 55 100 1128 42 118 14860 47
internal_value=-4.47153 -2.39104 -4.49768 -3.98046 -4.27234 -2.59404 -4.51063 -3.94094 -4.45639 -4.51376 -4.41608 -3.95286 -4.5181 -4.36503 -4.47352 -4.30457 -4.51947 -4.50117 -4.3668 -4.50549 -4.50833 -4.47587 -4.49775 -4.43276 -4.405 -4.51469 -4.47577 -4.48591 -4.51981 -4.51586
internal_weight=784.188 8.76188 775.426 18.0267 15.8362 2.19047 757.399 3.21865 15.0539 754.181 31.6277 2.60398 722.553 5.69969 29.0237 3.37511 716.853 25.6486 0.938772 14.3275 24.9669 6.62729 5.25266 1.2517 2.00048 13.0758 2.2687 1.79931 715.915 166.599
internal_count=70168 784 69384 1613 1417 196 67771 288 1347 67483 2830 233 64653 510 2597 302 64143 2295 84 1282 2234 593 470 112 179 1170 203 161 64059 14907
is_linear=0
shrinkage=1


Tree=1
num_leaves=30
num_cat=0
split_feature=7 3 0 7 0 6 0 2 7 1 7 7 7 0 7 1 1 0 0 1 0 7 0 7 1 1 0 0 1
split_gain=2006.51 712.183 734.681 243.238 214.693 237.696 169.371 115.273 202.497 30.8571 23.2225 13.0946 4.79801 10.2206 3.76154 2.80337 0.942601 2.73429 3.10661 0.947472 0.833636 0.718503 0.343099 0.278375 0.202385 0.184011 0.163852 0.112224 0.371599
threshold=0.30074496361111119 1.0000000180025095e-35 36425.000000000007 716.72763888888892 70225.000000000015 1.5000000000000002 15125.000000000002 1.0000000180025095e-35 3.7412500000000004 1.6301735686413521 0.13776479291666668 45.931666666666679 168.37486111111113 16925.000000000004 0.19925014750000003 0.93814630809925625 3.1968853820598011 56725.000000000007 44775.000000000007 5.5435667176802834 87625.000000000015 1.0898611111111112 22575.000000000004 48.38944444444445 4.0376638141303909 4.6099034098427021 20825.000000000004 21775.000000000004 1.7200943396226418
decision_type=2 2 2 2 2 2 2 2 2 2 2 2 2 2 2 2 2 2 2 2 2 2 2 2 2 2 2 2 2
left_child=4 7 9 -4 6 -6 -1 16 -9 12 -8 -11 13 -3 -12 26 -2 18 19 24 -5 -19 -17 -20 -18 -26 -15 -13 -29
right_child=1 2 3 20 5 -7 10 8 -10 11 14 27 -14 15 -16 22 17 21 23 -21 -22 -23 -24 -25 25 -27 -28 28 -30
leaf_value=-0.044855133722201602 -0.048741962428558883 -0.041205285636413055 0.45696893372956682 -0.035688607816615862 0.63680068686624491 0.151717262322526 0.20178995019076287 0.64961752224347125 -0.037278252175632284 0.21404044863111182 0.1225917994568915 0.018588853652647373 -0.047819650110410165 0.017340149121395986 0.039566600202942309 0.016965001184614165 -0.039014928556291559 -0.0018883141663434922 0.046562917956912392 0.017006757391607806 0.013437108489280467 -0.047618977990652928 -0.016908726139788725 0.0048427281970465086 0.0056234633948863593 -0.018964990653447703 0.11259151803359482 0.016799460989805916 -0.018140893273148152
leaf_weight=7.8765114881098262 673.25005045067519 4.410249416716403 16.031807181425396 2.3989347266033287 4.8765635434538108 5.8983112871646881 75.946319847367704 0.64303877949714605 2.8075915779918432 0.88836235180497114 4.9305090745910984 0.45329394843429316 17.541996848769486 0.48080876655876659 3.5299438210204244 0.48874605447053898 3.3836343903094557 0.99299281835556286 1.0650502629578111 0.48814627714455117 0.57099141739308823 16.20110410451889 0.50147088337689638 0.8151238691061734 0.79005386773496844 0.59986801631748676 0.84205115493386984 0.49240185879170872 0.55818801745772362
leaf_count=732 62989 411 328 217 114 30 546 44 260 48 90 34 1643 42 110 40 317 68 98 43 49 1496 41 75 74 53 73 41 46
internal_value=-0.00560058 -0.0342233 0.155042 0.384107 0.200118 0.406696 0.171897 -0.0467536 0.207927 -0.0162217 0.192412 0.126172 -0.034698 0.00129666 0.0957952 0.0703109 -0.0483093 -0.0348876 -0.00749814 -0.0265094 -0.0252382 -0.0452269 -6.60136e-05 0.036437 -0.0331342 -0.00848362 0.10034 0.0095131 -0.00155827
internal_weight=849.754 746.696 45.6593 19.0017 103.058 10.7749 92.2833 701.037 3.45063 26.6576 84.4068 2.39225 24.2653 6.72333 8.46045 2.31308 697.586 24.336 7.14188 5.2617 2.96993 17.1941 0.990217 1.88017 4.77356 1.38992 1.32286 1.50388 1.05059
internal_count=70152 68530 3013 594 1622 144 1478 65517 304 2419 746 169 2250 607 200 196 65213 2224 660 487 266 1564 81 173 444 127 115 121 87
is_linear=0
shrinkage=0.05


Tree=2
num_leaves=31
num_cat=0
split_feature=4 7 3 7 6 8 1 0 0 1 1 1 1 1 0 0 6 3 1 3 1 0 1 0 5 1 8 0 0 1
split_gain=1795.19 511.248 372.524 416.004 537.665 224.465 94.5179 82.6486 44.4239 30.7282 50.7759 18.5549 15.0607 13.4123 15.2251 12.1881 9.31905 8.72198 12.0836 7.0748 5.50168 6.01112 4.49563 3.14922 3.68118 2.889 1.79032 1.68462 1.38783 0.987678
threshold=1.0000000180025095e-35 0.19925014750000003 1.0000000180025095e-35 0.41152777777777783 1.5000000000000002 1029.2557435972919 1.9891286160466968 15275.000000000002 649650.00000000012 4.6099034098427021 1.1833359861401052 4.6099034098427021 0.6513200745023654 1.9891286160466968 56725.000000000007 29275.000000000004 9.5000000000000018 1.0000000180025095e-35 19.778839613637373 1.0000000180025095e-35 1.6507458535928288 59425.000000000007 0.56836542994196415 32675.000000000004 1.0000000180025095e-35 0.91001702058680511 885.61210271637276 36425.000000000007 40775.000000000007 1.8875203576783794
decision_type=2 2 2 2 2 2 2 2 2 2 2 2 2 2 2 2 2 2 2 2 2 2 2 2 2 2 2 2 2 2
left_child=1 7 3 4 11 8 22 -1 16 10 -4 -2 -9 23 15 -15 17 26 20 -10 27 29 -7 -5 28 -24 -3 -19 -25 -22
right_child=2 5 9 13 -6 6 -8 12 19 -11 -12 -13 -14 14 -16 -17 -18 18 -20 -21 21 -23 25 24 -26 -27 -28 -29 -30 -31
leaf_value=-0.043399288981624637 0.80609003165635373 -0.049222510305097805 0.11381970526025423 -0.045198928894587292 0.15937954830949574 -0.033093778331264749 0.38898887342464389 0.043184551137803395 0.019582170070604307 0.33218846469451602 0.74401988034208033 0.3867185741610713 0.15711306124918412 -0.01836657585492938 -0.031967596790936616 0.22135506416710454 0.065372670637460786 -0.044417257870740995 0.10001728330969802 0.16236976627418664 0.059604520078845383 -0.035673841725069308 0.095953502181896022 0.077644826872034528 -0.033561526705857575 -0.016463608388540316 0.020762826401804026 0.0046603632343469236 0.00066435929269903504 0.013877208643606687
leaf_weight=6.0895545408129683 2.2662376360967746 645.03592133987695 0.82806379999965374 17.894356059841819 53.919588312506676 1.7091518575325602 3.183143051341176 4.1271313754841676 1.7193170720711342 10.687892027199267 1.8297941572964189 4.8849382884800434 38.158714633435011 0.57120270840823584 1.7184610618278382 0.65705023426562548 1.0008820146322239 23.020809706300501 0.95122135430574317 1.7610789723694324 1.7229065503925065 4.5146094271913171 0.70899494644254424 0.56443403940647752 1.9789565969258547 0.47869275137782097 0.40924818813800712 1.6918020658195008 0.96349855698645115 3.5939409490674734
leaf_count=591 88 63079 74 1761 253 145 93 52 111 95 72 52 347 56 161 63 5 2193 9 16 120 146 54 54 194 36 35 59 93 222
internal_value=-0.00589166 -0.0326971 0.193232 0.151374 0.2201 -0.0437409 0.23689 0.122856 -0.0465717 0.43191 0.632472 0.602207 0.147248 -0.0228883 0.0636064 0.151661 -0.0475434 -0.047805 -0.0227404 0.111947 -0.0288395 0.00270705 0.0128266 -0.0371055 0.00505811 0.0638297 -0.0491461 -0.0410069 0.0485672 0.035785
internal_weight=838.642 739.877 98.7645 85.4187 61.0708 691.502 6.07998 48.3754 685.422 13.3457 2.65786 7.15118 42.2858 24.348 2.94671 1.22825 681.941 680.94 35.4953 3.4804 34.5441 9.83146 2.89684 21.4012 3.50689 1.18769 645.445 24.7126 1.52793 5.31685
internal_count=70329 67313 3016 2775 393 66323 328 990 65995 241 146 140 399 2382 280 119 65868 65863 2749 127 2740 488 235 2102 341 90 63114 2252 147 342
is_linear=0
shrinkage=0.05


Tree=3
num_leaves=31
num_cat=0
split_feature=4 7 0 8 2 6 1 7 0 0 1 1 0 6 6 2 7 7 0 1 0 0 0 0 7 7 7 0 0 0
split_gain=1518.34 497.579 246.657 186.84 149.006 116.15 133.933 105.354 74.2622 39.688 10.3314 9.02106 6.2482 6.10461 6.06133 4.09349 2.61971 2.314 1.6946 1.6277 2.27211 1.41717 1.26552 2.63059 2.93708 1.06087 1.05025 0.537892 1.14334 0.289414
threshold=1.0000000180025095e-35 0.19925014750000003 16175.000000000002 1029.2557435972919 1.0000000180025095e-35 1.5000000000000002 1.5179127020292336 0.41152777777777783 15275.000000000002 649650.00000000012 19.778839613637373 0.6513200745023654 31925.000000000004 10.500000000000002 6.5000000000000009 1.0000000180025095e-35 137.99111111111114 24.083194444444448 40275.000000000007 4.0376638141303909 59425.000000000007 32275.000000000004 23375.000000000004 20825.000000000004 27.893333333333334 10.517083333333334 134.85888888888891 36825.000000000007 49375.000000000007 31575.000000000004
decision_type=2 2 2 2 2 2 2 2 2 2 2 2 2 2 2 2 2 2 2 2 2 2 2 2 2 2 2 2 2 2
left_child=1 8 14 9 -5 6 7 -4 -1 10 13 -10 22 19 -2 16 -12 25 -19 29 21 -21 23 26 -25 -14 -9 -23 -29 -3
right_child=2 3 5 4 -6 -7 -8 12 11 -11 15 -13 17 -15 -16 -17 -18 18 -20 20 -22 27 -24 24 -26 -27 -28 28 -30 -31
leaf_value=-0.043327587984545536 -0.046657806446651184 -0.049105811037178967 0.37420083606615862 -0.040535127734175148 0.37719000865853658 0.1432906720497987 0.31414183828214376 -0.034155497292322631 0.050357617057741479 0.10718340522489539 -0.032686561624872275 0.14409383273218304 0.033084981475787437 0.050439817741176597 0.058492721216411483 0.097408317383003484 0.050171070192955747 0.0085509475606893367 0.11208312219271391 -0.026613673364185516 -0.037578731925059478 0.048655913872574091 -0.035848532406431072 0.091927375244167636 -0.018421212214749946 -0.021954629780151218 0.021648714927813433 -0.023903043815543978 0.031831183525355543 -0.043501840327126173
leaf_weight=6.0373523849993935 12.056794087402519 513.64880759827793 1.6960314474999894 3.5646504126489154 3.740170381963253 56.775027200579643 29.682862101122737 2.0888348501175633 4.2158824130892745 3.2878127824515095 1.7211432503536341 42.088871439918876 0.79817100241780303 0.82370591163635154 0.67839579284191209 0.65925991255789984 0.47468478139489878 0.70157398376613844 1.1506115524098275 1.0888694692403071 12.444336755201219 0.50326067768037352 2.4425162263214588 0.40758839808404435 0.57411464676260948 0.76610805466771126 0.39285816811025132 0.89664651453495003 0.80523757729679346 118.04746829997748
leaf_count=611 1203 52757 30 261 67 252 623 213 56 117 153 356 69 4 3 8 24 68 94 95 957 29 244 40 58 72 39 82 52 11733
internal_value=-0.00468416 -0.0314088 0.167188 -0.0431947 0.19301 0.193998 0.259598 0.0987498 0.115605 -0.0461219 -0.0470592 0.136804 0.01724 -0.047492 -0.0372057 0.0380452 -0.00468057 0.0625649 0.0896146 -0.0476942 -0.0284104 0.00691131 -0.0142425 0.0056127 0.0506629 0.00807954 -0.0216409 0.026604 0.00448843 -0.048129
internal_weight=824.26 714.048 110.211 661.706 7.30482 97.4763 40.7013 11.0184 52.3421 654.401 651.113 46.3048 9.32238 648.258 12.7352 2.85509 2.19583 3.41646 1.85219 647.435 15.7384 3.29401 5.90591 3.4634 0.981703 1.56428 2.48169 2.20514 1.70188 631.696
internal_count=70370 67362 3008 66339 328 1802 1550 927 1023 66011 65894 412 897 65709 1206 185 177 303 162 65705 1215 258 594 350 98 141 252 163 134 64490
is_linear=0
shrinkage=0.05


Tree=4
num_leaves=31
num_cat=0
split_feature=4 6 0 8 0 3 6 6 2 6 1 1 0 3 3 1 5 0 0 1 1 6 8 0 2 0 1 6 6 0
split_gain=1224.4 349.333 177.686 125.142 91.8778 84.0733 139.137 114.387 67.5783 30.5986 42.9208 28.5458 26.6326 14.6353 9.67489 12.1854 7.30564 7.00215 14.2164 7.8662 4.82011 3.67236 3.57673 7.7543 6.9786 3.60933 3.32109 2.61624 2.3638 1.69277
threshold=1.0000000180025095e-35 1.0000000180025095e-35 16175.000000000002 885.61210271637276 15725.000000000002 1.0000000180025095e-35 1.0000000180025095e-35 1.5000000000000002 1.0000000180025095e-35 2.5000000000000004 1.8875203576783794 4.6099034098427021 447175.00000000006 1.0000000180025095e-35 1.0000000180025095e-35 1.6507458535928288 1.0000000180025095e-35 59425.000000000007 29275.000000000004 1.1443275987643255 0.90400714076291344 6.5000000000000009 70.058000166246828 59425.000000000007 1.0000000180025095e-35 24275.000000000004 0.96712602200701137 1.5000000000000002 1.5000000000000002 36425.000000000007
decision_type=2 2 2 2 2 2 2 2 2 2 2 2 2 2 2 2 2 2 2 2 2 2 2 2 2 2 2 2 2 2
left_child=1 3 21 12 -3 6 16 -8 -5 10 20 -7 14 -14 -1 29 17 18 -4 -20 -6 -2 23 24 25 -17 -22 -28 -12 -16
right_child=2 4 5 8 9 11 7 -9 -10 -11 28 -13 13 -15 15 22 -18 -19 19 -21 26 -23 -24 -25 -26 -27 27 -29 -30 -31
leaf_value=-0.048711390094160131 -0.046388952154260102 -0.041451687934508298 -0.032176090961396633 -0.036745079228077286 -0.022930013305209856 0.37154825535793168 0.29376861494669326 0.1308552675957701 0.26233314716252171 0.12941728322744081 0.1523519346967068 0.19661353983148455 -0.034238257920938354 0.11591074310310241 -0.043514424086819728 -1.7505370198297892e-05 -0.039012319419550141 -0.034091379523461716 0.0030523057851101027 0.18468910710821629 0.083775721621052845 0.043909690191787074 0.081651382293746091 -0.041982597294937862 -0.019361820357738417 0.1103635104753436 -0.010299200275565294 0.04199682444110741 0.062258676199256013 0.0059935207257450175
leaf_weight=567.54410288389772 11.285269737243649 14.219948682002721 1.7521838666871175 2.6373405493795863 7.7077133161947193 4.9953724918887046 13.61327727511525 59.810372397303581 4.1431873627007008 33.095879659056664 6.7584238341078144 15.121771730482577 2.1006580321118227 3.0490095429122448 20.584390123374764 0.97446318808942889 7.7014148635789752 2.0468450095504522 0.87559023685753379 1.1269595697522161 1.1288676001131523 0.46015387773513872 1.2114831265062083 3.4946121601387858 2.2243377966806293 2.0815877001732588 5.1345360279083234 3.0403992086648941 3.1366642564535141 1.6314097605645645
leaf_count=61385 1183 1455 170 227 355 94 150 255 53 142 240 88 202 25 2167 58 717 149 81 83 41 2 14 140 209 77 355 14 14 59
internal_value=-0.00552927 -0.0312467 0.141987 -0.0436932 0.0705433 0.162103 0.137807 0.164602 0.156233 0.0973294 0.0546371 0.25559 -0.0461884 0.059054 -0.0471888 -0.0196961 -0.00919375 0.0303055 0.0651975 0.132738 0.00472934 -0.0396837 0.0245307 0.00909828 0.0442061 0.0838402 0.0276452 0.0116081 0.132129 -0.0397773
internal_weight=804.688 685.899 118.789 611.677 74.2224 107.044 86.9266 73.4236 6.78053 60.0025 26.9066 20.1171 604.896 5.14967 599.746 32.2023 13.503 5.80158 3.75473 2.00255 17.0115 11.7454 9.98648 8.775 5.28039 3.05605 9.3038 8.17494 9.89509 22.2158
internal_count=70204 67232 2972 64616 2616 1787 1605 405 280 1161 1019 182 64336 227 64109 2724 1200 483 334 164 765 1185 498 484 344 135 410 369 254 2226
is_linear=0
shrinkage=0.05


Tree=5
num_leaves=31
num_cat=0
split_feature=7 3 4 0 2 8 7 1 4 2 1 7 1 0 4 5 0 0 0 0 1 7 1 0 0 0 1 0 7 0
split_gain=1097.75 429.607 225.009 85.0787 57.3284 52.1982 43.3291 28.91 19.4078 17.4531 13.9888 11.8747 9.22483 7.47634 6.5637 11.6813 13.9611 10.7208 4.85796 3.74737 1.80071 1.37524 1.22259 1.17896 2.58819 0.804816 0.598094 0.572465 0.432092 0.0182585
threshold=0.30074496361111119 1.0000000180025095e-35 1.0000000180025095e-35 15125.000000000002 1.0000000180025095e-35 217.16070371010727 3.7412500000000004 19.778839613637373 1.0000000180025095e-35 1.0000000180025095e-35 4.6099034098427021 113.20180555555557 0.6513200745023654 20825.000000000004 1.0000000180025095e-35 1.0000000180025095e-35 29275.000000000004 59425.000000000007 54275.000000000007 70225.000000000015 1.1443275987643255 7.4611111111111121 1.9181143420392235 36425.000000000007 28075.000000000004 21225.000000000004 19.778839613637373 20825.000000000004 23.708194444444448 24475.000000000004
decision_type=2 2 2 2 2 2 2 2 2 2 2 2 2 2 2 2 2 2 2 2 2 2 2 2 2 2 2 2 2 2
left_child=3 4 5 -1 14 7 -6 11 12 10 -4 13 -5 22 -2 16 27 20 23 -10 -18 -19 -3 24 29 -14 -11 -16 -29 -15
right_child=1 2 9 8 6 -7 -8 -9 19 26 -12 -13 25 18 15 -17 17 21 -20 -21 -22 -23 -24 -25 -26 -27 -28 28 -30 -31
leaf_value=-0.044030773946895065 -0.048891384214541894 -0.041209320052518171 0.31549630011537655 0.032232427289460207 0.22758599089183329 0.15826416778331298 -0.035913599426446632 0.13873173784973974 0.13632900765084296 0.071578573330633208 0.16949813994611648 -0.045814551893677252 0.065657356745501494 0.068716678055778024 -0.040360482705678428 -0.047357410858318856 0.029655268798625452 0.028895205836930966 0.0044117873393098687 0.18350827415735246 0.16361930474093928 -0.029193565333602012 0.018138788430677729 0.10394863650921515 -0.023698294466780127 0.11533162250467373 0.14764834871749377 0.020604098054364473 -0.01769918945816145 0.01286875973682837
leaf_weight=6.8213636158034197 557.05351940356195 4.0767299002036443 6.0014569237828264 5.0675109298899761 2.3900650069117537 4.4151752367615691 2.4547160873189569 2.0653923442587248 56.973314188420773 3.9438023958355188 9.6011059954762441 19.306008760817349 5.5576507961377493 0.6807990688830603 3.9945477694272995 14.897272237576544 0.87607599142938886 0.81181153934448991 4.8619101420044899 17.735512644052505 1.3349308678880332 1.3605550555512307 0.45433748699724663 1.5749847088009117 0.84929249901324499 44.461753888987005 4.8778191208839417 0.41313917469233263 0.5390220582485199 0.58369116298854351
leaf_count=736 62824 410 82 78 42 40 252 17 262 77 50 2007 78 55 442 1522 78 38 72 95 80 108 22 53 56 381 25 40 53 44
internal_value=-0.00574211 -0.03288 0.0899368 0.122561 -0.0462729 0.0139142 0.110776 -0.00852648 0.131586 0.205612 0.241276 -0.0217912 0.104647 0.0143983 -0.0477698 -0.0210662 0.0214335 0.0782251 0.0403722 0.149805 0.136305 -0.00522019 -0.0330549 0.0767196 0.0295634 0.111207 0.124391 -0.0335825 0.000961506 0.0600043
internal_weight=786.035 649.418 63.2925 136.617 586.126 38.8683 4.84478 34.4531 129.796 24.4242 15.6026 32.3878 55.0869 13.0817 581.281 24.2274 9.33008 4.38337 8.55068 74.7088 2.21101 2.17237 4.53107 3.68877 2.11378 50.0194 8.82162 4.94671 0.952161 1.26449
internal_count=70119 68489 3010 1630 65479 2776 294 2736 894 234 132 2719 537 712 65185 2361 839 304 280 357 158 146 432 208 155 459 102 535 93 99
is_linear=0
shrinkage=0.05


Tree=6
num_leaves=31
num_cat=0
split_feature=4 7 8 0 2 0 1 6 0 6 6 8 7 1 1 1 1 1 1 6 0 7 1 0 0 1 1 1 0 0
split_gain=983.521 364.168 124.209 123.155 62.257 45.936 32.4564 37.5639 31.6128 19.5058 5.19387 4.82194 4.10798 3.47397 3.41637 4.15999 2.13839 1.32808 2.37662 1.19067 0.975189 3.70609 0.752798 0.673631 0.489753 0.374083 1.3691 0.32377 0.160845 0.0437594
threshold=1.0000000180025095e-35 0.19925014750000003 885.61210271637276 15125.000000000002 1.0000000180025095e-35 15725.000000000002 1.9516747536927384 1.0000000180025095e-35 447175.00000000006 1.5000000000000002 9.5000000000000018 35.992557863087846 0.092348481944444463 19.778839613637373 1.1443275987643255 1.747067029386645 1.0170992382354631 0.93114528976860556 0.67578533382629702 2.5000000000000004 649650.00000000012 25.885972222222225 0.83565609281928344 363025.00000000006 31575.000000000004 0.53126551638530295 0.43055830583058313 0.865844351712585 31925.000000000004 59425.000000000007
decision_type=2 2 2 2 2 2 2 2 2 2 2 2 2 2 2 2 2 2 2 2 2 2 2 2 2 2 2 2 2 2
left_child=1 5 8 -2 -4 -1 7 14 10 -8 13 20 -7 24 17 -16 -14 18 25 -9 21 -10 -20 -15 -3 26 -5 -24 -26 -30
right_child=3 2 4 6 -6 12 9 19 11 -11 -12 -13 16 23 15 -17 -18 -19 22 -21 -22 -23 27 -25 28 -27 -28 -29 29 -31
leaf_value=-0.042396213489776673 -0.045903872594265011 -0.048828412794823528 -0.040574691277939119 -0.026568979252964926 0.20127143729733343 0.1151915366038368 0.18003384132371963 0.15741477764429418 -0.028517789442013494 0.10835741320310932 0.042013948381150606 -0.013516372924740819 0.018058678857225834 0.02547015400265043 0.066038029819297725 -0.026046328669017751 0.078478598357417745 -0.030803543945368494 0.058141946924985845 0.11042823551122866 0.098150413904371459 0.071523937485218597 -0.015520714066729002 -0.017766504854599428 -0.014582877546654396 -0.028434295948630658 0.032770496353161468 0.017914641448728268 -0.039747111739622865 -0.048416943981830787
leaf_weight=5.2630935357883564 10.048464071005581 446.1036234870553 3.5991766564547998 1.1113207321614011 6.7933865208178759 38.672928996384144 42.091592975892127 9.1881042113527638 0.96134650148451228 20.440275490283966 0.90854643285274406 1.4704535836353896 2.6159197445958835 1.5375630585476749 4.8996428856626153 0.96890601608902205 7.9446839597076178 1.5571503685787318 1.3052798090502622 37.216612279415131 2.832036230713129 1.0008145617321131 0.44249575119465578 0.54356470983475436 1.8010435299947847 1.2882343605160711 0.80217825435101975 0.46327873505651951 76.51211220305413 37.790120323188603
leaf_count=599 1135 52786 293 120 71 251 489 80 56 83 4 60 53 97 300 46 95 154 135 151 88 49 43 62 210 138 74 38 8573 4027
internal_value=-0.00532644 -0.0311135 -0.0427241 0.118452 0.121305 0.0913879 0.132278 0.10224 -0.0459138 0.158679 -0.0471811 0.0591766 0.106249 -0.0473988 0.02423 0.0492561 0.0663689 -0.000377918 0.0118135 0.122856 0.0799574 0.0294288 0.0429326 0.0120762 -0.04764 -0.01478 0.00101687 0.00200735 -0.0426959 -0.0430085
internal_weight=768.174 636.35 581.854 131.824 10.3926 54.4966 121.775 59.2432 571.461 62.5319 565.197 6.26465 49.2335 564.288 12.8385 5.86855 10.5606 6.96994 5.41279 46.4047 4.7942 1.96216 2.21105 2.08113 562.207 3.20173 1.9135 0.905774 116.103 114.302
internal_count=70360 67374 66376 2986 364 998 1851 1279 66012 572 65759 253 399 65755 1048 346 148 702 548 231 193 105 216 159 65596 332 194 81 12810 12600
is_linear=0
shrinkage=0.05


Tree=7
num_leaves=29
num_cat=0
split_feature=7 3 4 2 0 1 7 7 6 4 7 1 4 0 5 0 2 7 7 7 0 7 7 7 0 0 1 1
split_gain=882.01 369.46 142.453 73.5816 62.9622 48.9443 38.0592 15.6004 13.2018 31.2511 17.1842 23.5699 7.0927 10.0606 7.35063 11.433 4.72053 3.25435 2.53307 5.10598 1.62118 1.52716 1.0006 0.99574 0.84104 0.946125 0.667366 0.368959
threshold=0.30074496361111119 1.0000000180025095e-35 1.0000000180025095e-35 1.0000000180025095e-35 15125.000000000002 1.695958913690945 3.7412500000000004 168.37486111111113 1.5000000000000002 1.0000000180025095e-35 0.055346931944444448 4.6099034098427021 1.0000000180025095e-35 32675.000000000004 1.0000000180025095e-35 59425.000000000007 1.0000000180025095e-35 1.9697222222222226 26.405972222222228 46.677500000000002 36425.000000000007 0.13776479291666668 0.092348481944444463 5.2184722222222231 35525.000000000007 160850.00000000003 1.9891286160466968 2.2426906786469485
decision_type=2 2 2 2 2 2 2 2 2 2 2 2 2 2 2 2 2 2 2 2 2 2 2 2 2 2 2 2
left_child=4 3 5 12 -1 17 -5 18 9 10 -6 22 -2 26 15 -15 -4 -3 -7 -20 -19 -10 -12 -17 -9 -26 -14 -16
right_child=1 2 16 6 8 7 -8 24 21 -11 11 -13 13 14 27 23 -18 20 19 -21 -22 -23 -24 -25 25 -27 -28 -29
leaf_value=-0.043519462875480981 -0.04849497908034453 0.03674775071692804 0.17695224921153324 0.19779482633485213 0.14546581197142591 0.12178052186820142 -0.035482731491027229 0.021362671475253493 0.10473814181532759 0.18439838792898208 0.0012764238586069135 0.12658470734489288 -0.044281124751422325 0.12285681268506164 -0.035868773664251806 0.016633019687027045 0.10558043963377615 -0.045324067733626391 -0.0058170374565286185 0.085216297451616338 0.0029825539047065551 0.068654091811750417 -0.041266153770387122 -0.031443816738621753 -0.036363049269201683 0.016972651891702332 -0.0015039991486323154 -0.00074254562310249338
leaf_weight=6.2841504774987689 507.76888624485582 0.67867168132215994 20.166377146728337 3.7540368624031535 4.5298116989433757 7.0049690287560242 2.346767078153789 0.39837830327451174 95.366126388311386 19.262722205370665 1.8205221965908984 2.7750375270843506 15.237976592034107 2.1687752762809378 2.4288461050018673 1.0100229661911728 9.6131379036232847 18.65737723372877 2.0590932173654437 3.9562252731993794 1.7744799945503462 11.153274491429327 4.0629508895799518 1.6290530972182748 2.5316713834181432 0.44160715956240881 1.0419776374474157 1.0109840603545306
leaf_count=739 62917 26 136 45 80 81 249 39 384 112 37 18 1754 128 217 31 101 2222 34 81 62 47 212 115 258 13 65 60
internal_value=-0.00476564 -0.0313302 0.0783561 -0.0451572 0.105459 0.0125793 0.115701 0.0750534 0.112459 0.143892 0.0759027 0.0282169 -0.0472144 -0.0198419 0.0233128 0.0585537 0.158091 -0.0371312 0.0983864 0.0576676 -0.0411853 0.101634 -0.0298292 -0.0135295 -0.0169458 -0.0261634 -0.0417887 -0.0280375
internal_weight=750.934 605.679 67.282 538.397 145.255 37.5025 6.1008 16.3919 138.97 32.451 13.1883 8.65851 532.297 24.5276 8.24768 4.80785 29.7795 21.1105 13.0203 6.01532 20.4319 106.519 5.88347 2.63908 3.37166 2.97328 16.28 3.43983
internal_count=70263 68634 3053 65581 1629 2816 294 506 890 459 347 267 65287 2370 551 274 237 2310 196 115 2284 431 249 146 310 271 1819 277
is_linear=0
shrinkage=0.05


Tree=8
num_leaves=31
num_cat=0
split_feature=7 1 0 4 1 4 8 8 0 2 5 0 4 1 2 7 8 0 1 0 0 7 0 0 1 0 0 7 7 0
split_gain=794.79 287.407 55.4277 52.8636 42.8623 42.1373 42.5653 19.1471 13.4537 12.234 11.8667 11.4359 9.60477 5.44947 5.40081 4.55071 3.77111 3.42546 3.01735 2.67336 2.44017 2.41283 2.16901 2.08405 2.01318 1.6222 1.9913 1.61387 1.46679 0.438535
threshold=0.30074496361111119 3.6810950955523771 15125.000000000002 1.0000000180025095e-35 1.9891286160466968 1.0000000180025095e-35 217.16070371010727 1502.0312290503152 649650.00000000012 1.0000000180025095e-35 1.0000000180025095e-35 16925.000000000004 1.0000000180025095e-35 0.865844351712585 1.0000000180025095e-35 62.720833333333339 67.82352621587431 447175.00000000006 19.778839613637373 34625.000000000007 240300.00000000003 35.148333333333341 18975.000000000004 26725.000000000004 1.2592738984043335 59425.000000000007 49375.000000000007 18.267638888888893 11.555833333333334 20075.000000000004
decision_type=2 2 2 2 2 2 2 2 2 2 2 2 2 2 2 2 2 2 2 2 2 2 2 2 2 2 2 2 2 2
left_child=2 3 -1 7 10 6 8 29 15 -9 11 -5 13 22 21 19 17 25 -10 23 -8 27 -4 -3 -23 26 -17 -13 -6 -2
right_child=1 5 12 4 28 -7 20 9 18 -11 -12 14 -14 -15 -16 16 -18 -19 -20 -21 -22 24 -24 -25 -26 -27 -28 -29 -30 -31
leaf_value=-0.04327801539679927 -0.049298309503052695 -0.022777057221572753 0.0070756055554624777 -0.039249323373803824 0.0248939081106237 0.12279514966028593 0.1599632093737251 -0.032372815568886375 0.014806394443481139 0.12369876423933579 -0.043571453146819317 0.031685068339648716 0.11772685049003713 0.093407529296475569 -0.025952947485092026 -0.023535509249165726 0.082626147961054594 0.053245959185409392 0.10719382639127387 -0.047913562012890466 0.066890422429069743 0.049915638590873258 0.0590475264669185 0.061519932012966176 -0.022967105405718807 -0.039957377791409045 0.056696401957469549 0.13242941163888963 0.12852635651450539 -0.043916768254385743
leaf_weight=6.0547511745244256 315.70248416205868 0.80047110281885625 3.0485998857766372 3.4927121158689296 0.93946513161063094 25.572081045247614 3.8860241365618995 1.6642697323113671 1.8642114847898474 1.8243924546986818 12.895203912630677 1.4264037059620025 82.083659507334232 46.835874683223665 0.95592515729367722 0.87478656787425169 0.4675507079809903 0.86611807905137528 1.7136982316151261 10.38213444733992 3.6843499820679426 1.4569161953404548 7.2576758395880461 0.3435679329559207 0.79617729783058155 3.4317741929553449 0.39164259191602468 1.6817464763298628 6.2241327799856663 180.52052221726626
leaf_count=743 41324 85 47 405 37 223 51 172 74 24 1429 102 357 381 34 103 5 31 30 969 85 105 98 39 44 357 26 74 149 22754
internal_value=-0.00539327 -0.0314575 0.0988534 -0.0427153 0.0213047 0.0771685 0.033758 -0.0465768 -0.00416043 0.0586197 -0.0134622 0.026486 0.105299 0.0857291 0.0632275 -0.0229224 0.0111373 -0.00654169 0.0728062 -0.0402127 0.127757 0.0807088 0.0456597 0.0194244 0.0250179 -0.0249737 0.0153444 0.105162 0.11965 -0.0474328
internal_weight=729.139 583.859 145.281 529.58 29.8687 54.2784 28.7063 499.712 21.136 3.48866 22.7051 9.80988 139.226 57.1422 6.31717 17.558 6.03187 5.56432 3.57791 11.5262 7.57037 5.36124 10.3063 1.14404 2.25309 4.6982 1.26643 3.10815 7.1636 496.223
internal_count=70357 68731 1626 66653 2379 2078 1855 64274 1719 196 2193 764 883 526 359 1615 522 517 104 1093 136 325 145 124 149 486 129 176 186 64078
is_linear=0
shrinkage=0.05


Tree=9
num_leaves=29
num_cat=0
split_feature=7 3 7 2 0 0 7 4 4 7 1 4 0 5 0 1 1 1 0 1 0 7 7 1 1 1 0 1
split_gain=720.297 334.041 105.24 50.9991 47.5224 40.4936 23.7616 16.6644 14.2296 15.8826 9.04219 7.5584 9.30806 7.46084 7.20709 5.34022 2.9534 2.34871 2.23998 2.12074 1.25965 1.2087 1.11925 0.840082 0.478751 0.361914 0.276191 0.0731729
threshold=0.30074496361111119 1.0000000180025095e-35 716.72763888888892 1.0000000180025095e-35 15125.000000000002 15575.000000000002 3.7412500000000004 1.0000000180025095e-35 1.0000000180025095e-35 0.13776479291666668 1.6507458535928288 1.0000000180025095e-35 29275.000000000004 1.0000000180025095e-35 59425.000000000007 4.6099034098427021 1.0170992382354631 0.91676428346608496 18975.000000000004 0.7941661369312657 87625.000000000015 0.19925014750000003 7.4611111111111121 1.1443275987643255 0.52680359841163871 2.2426906786469485 34625.000000000007 1.1734311656277974
decision_type=2 2 2 2 2 2 2 2 2 2 2 2 2 2 2 2 2 2 2 2 2 2 2 2 2 2 2 2
left_child=4 3 5 11 -1 -3 -5 10 9 18 17 -2 -13 14 23 -9 21 19 -6 24 -4 -11 -16 -14 -7 -15 -18 -19
right_child=1 2 20 6 8 7 -8 15 -10 16 -12 12 13 25 22 -17 26 27 -20 -21 -22 -23 -24 -25 -26 -27 -28 -29
leaf_value=-0.042897496672980533 -0.048691978839773109 -0.040571477778707732 -0.044291917517189597 0.14478036972556446 0.042848856985722661 0.01721788547767527 -0.035332864089537702 0.17909463380742346 0.11186933500851484 0.010298881884397546 0.08966084626843146 -0.043736289452212307 0.022534197983890322 -0.037736324637151528 0.019585880918093514 0.11299124446045482 0.012037050928812616 -0.0059463416530292287 0.092316666481933707 0.078261995728508504 0.01364830838845966 -0.039924259638819744 -0.031079161994839954 0.10629353702196152 -0.021745697465121758 -0.0025293927725628107 0.040850559000527711 -0.028880744551034471
leaf_weight=5.7139906282536677 462.08195075020194 4.02914960309863 15.023350145667788 4.2253716085106126 5.1436426863074294 0.48410787293687707 2.3118255408480763 9.9140137471258658 85.307923331856728 1.6189882997423393 14.560920846648512 13.966530185192825 1.0561096053570493 2.9232322950847447 1.0106760570779445 21.362442024052143 2.2559099765494466 1.1784533122554424 42.972732411697507 0.54946200782433141 0.56065918598324138 1.5975028369575739 1.5759789030998943 2.1782904341816902 0.74743877351284027 1.0830391589552162 4.9016752913594246 1.2716374895535407
leaf_count=734 62854 469 1841 42 48 53 254 69 368 30 202 1705 78 279 38 90 62 71 279 31 46 53 104 85 65 58 58 76
internal_value=-0.00486305 -0.0308276 0.0709437 -0.0453439 0.0923074 0.103504 0.0848478 0.115666 0.0979391 0.076083 0.0720221 -0.0472662 -0.0187309 0.0175638 0.0503567 0.138844 0.0178957 0.00578416 0.0880086 0.0391289 -0.0415101 -0.0181978 -0.0113416 0.0907247 -0.00557733 -0.030625 0.034358 -0.0227705
internal_weight=711.607 562.095 69.6816 492.413 149.512 54.0976 6.5372 50.0685 143.798 58.4905 18.792 485.876 23.7939 9.82733 5.82105 31.2765 10.3741 4.2311 48.1164 1.78101 15.584 3.21649 2.58665 3.2344 1.23155 4.00627 7.15759 2.45009
internal_count=70142 68510 3013 65497 1632 1126 296 657 898 530 498 65201 2347 642 305 159 203 296 327 149 1887 83 142 163 118 337 120 147
is_linear=0
shrinkage=0.05


Tree=10
num_leaves=31
num_cat=0
split_feature=4 6 8 0 0 0 6 2 1 3 3 3 1 0 0 0 1 1 6 1 8 0 0 1 1 1 6 1 1 0
split_gain=637.908 224.284 79.1545 71.3554 41.7778 28.8016 23.1849 20.3395 19.1512 10.7703 10.5135 7.50823 8.44895 3.8391 4.02917 4.67134 3.7241 2.69827 2.63513 2.61393 3.37437 2.5012 2.26004 2.24907 2.04721 1.50028 1.054 1.08342 0.969923 0.897502
threshold=1.0000000180025095e-35 1.0000000180025095e-35 885.61210271637276 16175.000000000002 15725.000000000002 447175.00000000006 2.5000000000000004 1.0000000180025095e-35 1.8875203576783794 1.0000000180025095e-35 1.0000000180025095e-35 1.0000000180025095e-35 1.6507458535928288 48425.000000000007 447175.00000000006 240300.00000000003 0.90400714076291344 0.96712602200701137 9.5000000000000018 1.8875203576783794 70.058000166246828 59425.000000000007 109250.00000000001 3.1968853820598011 2.1455810265282591 1.6104177053898876 5.5000000000000009 1.1639013424321558 1.3430774843230313 20825.000000000004
decision_type=2 2 2 2 2 2 2 2 2 2 2 2 2 2 2 2 2 2 2 2 2 2 2 2 2 2 2 2 2 2
left_child=1 2 5 18 26 11 8 -4 16 -7 23 -1 29 -10 15 22 -6 -18 -2 -14 21 24 -15 -5 -21 28 27 -3 -19 -13
right_child=3 4 7 10 6 9 -8 -9 13 -11 -12 12 19 14 -16 -17 17 25 -20 20 -22 -23 -24 -25 -26 -27 -28 -29 -30 -31
leaf_value=-0.047898910635030247 -0.04544777704459349 -0.046187757483710817 -0.033969188576640205 0.080388246358496285 -0.025930371276770649 -0.033351393142377561 0.09064711652190538 0.12769953874082615 0.11631621292281041 0.090388733420514483 0.1252732953106683 -0.046699208336916362 0.058679475542978123 0.011788913802758628 0.091508378229322979 -0.031152211147216991 0.064434251046900759 -8.5447947800179022e-05 0.032594764769950421 -0.027548831496971234 0.055706630172762173 -0.041093402137847436 0.078531787585803439 0.1060092809338119 0.035371370022050735 -0.031056702183788809 0.014311013937298254 0.007843642074048111 0.033796427624695834 -0.016527846317859373
leaf_weight=427.01889893319458 9.1549904546700382 9.8283617282286233 2.0459572477266175 73.152617575135082 8.123967185616495 1.9463559789583076 35.906258121132851 7.6346635036170483 3.6964542847126713 4.5586168020963669 34.447826160117984 12.738308931235229 1.7417471166700105 3.0152974119409901 2.831877650693059 2.0497001307085156 1.3693433050066222 5.3136791894212347 0.49975091218948442 1.174630622379482 1.2379239350557325 3.1228055325336754 1.8990114443004129 26.989388768561184 2.4204627396538854 1.4366248454898594 0.42269278597086746 0.72389952884987074 2.500343965832144 4.8605606760829678
leaf_count=61378 1209 1319 219 1329 359 210 145 56 95 28 189 1774 118 78 25 29 40 202 2 89 12 133 29 242 135 74 26 99 90 473
internal_value=-0.00401386 -0.0285956 -0.0416956 0.0892024 0.0488567 -0.0447332 0.063355 0.0935502 0.0311432 0.0538538 0.0985974 -0.0462599 -0.0198336 0.0743095 0.0491525 0.0226011 -0.00211887 0.0167602 -0.0387281 0.0165654 0.00182284 -0.0140378 0.0464975 0.0882733 0.013292 0.0041057 -0.0389359 -0.042123 0.0133605 -0.039703
internal_weight=693.863 549.618 470.501 144.245 79.1175 460.82 68.1426 9.68062 32.2363 6.50497 134.59 454.315 27.2964 13.4923 9.79589 6.96401 18.744 10.62 9.65474 9.69757 7.95582 6.7179 4.91431 100.142 3.59509 9.25065 10.975 10.5523 7.81402 17.5989
internal_count=70206 67235 64625 2971 2610 64350 1166 275 1021 238 1760 64112 2734 256 161 136 765 406 1211 487 369 357 107 1571 224 366 1444 1418 292 2247
is_linear=0
shrinkage=0.05


Tree=11
num_leaves=31
num_cat=0
split_feature=7 3 7 2 0 0 7 4 7 4 4 5 0 1 0 1 5 1 1 7 1 1 1 0 1 0 0 0 0 0
split_gain=618.594 287.137 83.2597 48.9705 38.3632 31.1531 17.961 10.5057 14.5063 10.348 7.82448 8.50697 6.76213 6.6925 5.22174 5.08765 3.74041 2.65886 2.57211 2.06165 1.66898 1.63895 1.32073 1.24774 0.670808 0.465452 0.40185 0.493781 0.357219 0.415199
threshold=0.30074496361111119 1.0000000180025095e-35 716.72763888888892 1.0000000180025095e-35 15125.000000000002 15575.000000000002 3.7412500000000004 1.0000000180025095e-35 0.13776479291666668 1.0000000180025095e-35 1.0000000180025095e-35 1.0000000180025095e-35 29275.000000000004 1.6507458535928288 59425.000000000007 0.93814630809925625 1.0000000180025095e-35 1.0170992382354631 0.865844351712585 5.4612500000000006 19.778839613637373 0.7941661369312657 1.9891286160466968 87625.000000000015 4.6099034098427021 194700.00000000003 55425.000000000007 70225.000000000015 20825.000000000004 24275.000000000004
decision_type=2 2 2 2 2 2 2 2 2 2 2 2 2 2 2 2 2 2 2 2 2 2 2 2 2 2 2 2 2 2
left_child=4 3 5 10 -1 -3 -5 8 18 13 -2 12 28 15 22 16 21 -10 -6 -16 -15 -7 -14 -4 -11 -19 -13 -28 -12 -30
right_child=1 2 23 6 7 9 -8 -9 17 24 11 26 14 20 19 -17 -18 25 -20 -21 -22 -23 -24 -25 -26 -27 27 -29 29 -31
leaf_value=-0.042261146796917323 -0.048263727987066886 -0.039989979103492133 -0.04392103743648483 0.11530746648808961 0.046367236517023458 0.0094455753798274381 -0.03520474856226688 0.10118789213559574 -0.018455537870778294 0.14308359602358023 -0.038221523149701536 -0.04663010782843291 0.033104198087480996 0.061544917646101427 0.031466489116739028 -0.036543580444725596 -0.020960611853709388 0.016079885914556533 0.087771179084640452 -0.033180420179152688 0.11845662075573048 0.12016125921515286 0.10995045241478159 0.013817437515178705 0.099499922315441136 0.045552886501553494 0.014545933644358437 -0.024482179274811819 0.016990792555243075 -0.01964128056397824
leaf_weight=5.2085839575156561 420.93340044794604 3.7617302178405216 14.105241322424259 5.6150572560727587 8.2712758593261224 0.67497719265520817 2.2790115373209119 87.156328991055489 3.1525935949757677 11.300138233229516 3.1437281584367156 11.985642568673937 2.5749315964058046 12.185907630249856 1.1849135495722296 2.3066827110014856 0.70199892483651627 4.8467097822576761 40.555256513878703 1.8755568303167818 3.1132324747741213 0.46066886698827147 1.1711734198033807 0.55458613019436676 21.97133931517601 2.8864935785531998 0.54280817974358864 0.93059089127928019 0.48792992718517758 0.63385009672492743
leaf_count=725 62865 473 1846 45 86 69 259 372 81 70 429 1418 136 182 31 148 63 108 241 115 17 25 28 44 90 14 40 66 41 56
internal_value=-0.00399286 -0.029753 0.0630306 -0.0444184 0.0844647 0.090276 0.0727821 0.0892144 0.0703589 0.100143 -0.0466537 -0.0182181 0.0136858 0.065233 0.0423241 0.00676939 0.054856 0.0163571 0.0818286 -0.0065659 0.0796831 0.0895921 0.0752336 -0.0409939 0.118046 0.0310373 -0.0435952 -0.0100362 -0.031372 -0.00320947
internal_weight=676.572 524.495 71.1365 453.359 152.077 56.4767 7.89407 146.869 59.7123 52.7149 445.465 24.5311 11.0721 19.4435 6.80658 4.14433 1.83764 10.8858 48.8265 3.06047 15.2991 1.13565 3.74611 14.6598 33.2715 7.7332 13.459 1.4734 4.26551 1.12178
internal_count=70183 68556 3027 65529 1627 1137 304 902 530 664 65225 2360 836 504 310 305 157 203 327 146 199 94 164 1890 160 122 1524 106 526 97
is_linear=0
shrinkage=0.05


Tree=12
num_leaves=31
num_cat=0
split_feature=7 3 7 2 0 0 7 4 4 7 4 0 1 0 0 7 1 0 1 1 0 1 0 7 0 7 7 1 1 1
split_gain=548.867 269.407 72.6312 42.7134 34.5651 25.9071 14.4142 10.7146 8.64186 11.3382 7.87733 8.17944 4.31904 3.9448 3.13837 3.11649 2.52723 2.00344 1.86549 1.55096 1.30764 1.18431 1.09426 1.04126 0.986735 0.740045 0.605302 0.567295 0.485312 0.162964
threshold=0.30074496361111119 1.0000000180025095e-35 716.72763888888892 1.0000000180025095e-35 15125.000000000002 15575.000000000002 3.7412500000000004 1.0000000180025095e-35 1.0000000180025095e-35 0.13776479291666668 1.0000000180025095e-35 32675.000000000004 1.6507458535928288 59425.000000000007 49375.000000000007 2.4484722222222226 2.571898496240602 18975.000000000004 0.93814630809925625 0.7941661369312657 87625.000000000015 1.3958839162969146 37325.000000000007 28.213472222222226 29275.000000000004 61.439444444444455 0.19925014750000003 1.9891286160466968 0.53126551638530295 1.1734311656277974
decision_type=2 2 2 2 2 2 2 2 2 2 2 2 2 2 2 2 2 2 2 2 2 2 2 2 2 2 2 2 2 2
left_child=4 3 5 10 -1 -3 -5 12 9 17 -2 27 18 14 21 -15 22 -6 19 28 -4 25 24 -23 26 -13 -11 -12 -7 -20
right_child=1 2 20 6 8 7 -8 -9 -10 16 11 13 -14 15 -16 -17 -18 -19 29 -21 -22 23 -24 -25 -26 -27 -28 -29 -30 -31
leaf_value=-0.041987377725429431 -0.048019804663833571 -0.039231667666559847 -0.043642028013561429 0.1011264669063473 0.036886074416459025 0.018308927427992769 -0.034566419341063491 0.10897611886911668 0.096091225474796857 0.012805659748524892 -0.043315013179374383 -0.029198422380986983 0.068661853070583256 0.037493441697637964 0.085153485289387987 -0.038942391606688692 0.047015040290128637 0.081608120780013269 -0.0013850775520669965 0.067015345168028331 0.015599237200438251 0.053191656211857924 -0.025450460776514652 -0.0040064844703709551 0.033301068473353269 0.018066824284158168 -0.021720947476253763 -0.0030468274468997292 -0.021133040787295415 -0.027472884224006695
leaf_weight=5.0177019215188912 401.27711123228073 3.4998638103716067 13.527756011113521 5.8404877297580224 5.2279236912727347 0.460592951625588 2.1607071198523045 35.41577897593379 83.281965509057045 1.5541427601128799 13.136013686656954 1.3525666175410136 15.689111609943209 1.0285721533000467 1.5718960044905541 3.2709268154576421 3.6607565814629197 42.99742329120636 0.98367868270725045 0.70156746311113227 0.51440609712153751 0.92248732689768109 1.9384532850235698 1.1361881345510481 1.8512940322980282 0.46408066526055325 1.6145524196326733 1.1006316887214769 0.7122665080241859 1.1534277214668689
leaf_count=732 62854 468 1841 44 48 51 261 164 359 35 1748 107 201 25 78 215 29 271 64 44 45 36 53 51 31 37 58 60 65 78
internal_value=-0.00446683 -0.0292022 0.0593292 -0.0441514 0.0802027 0.0835426 0.0647136 0.0918988 0.0847798 0.0674327 -0.0463467 -0.0175515 0.0574178 0.0167684 0.0419511 -0.0170322 0.0185218 0.0776078 0.0085162 0.0363856 -0.0405791 0.0105556 -0.000492172 0.0306347 0.0117721 -0.0149965 -0.00577712 -0.0406062 -0.00434612 -0.0197342
internal_weight=653.064 505.92 72.6584 433.262 147.144 58.6163 8.00119 55.1164 142.127 58.8445 425.26 23.9834 19.7006 9.74672 5.44722 4.2995 10.6192 48.2253 4.01153 1.87443 14.0422 3.87532 6.95844 2.05868 5.01999 1.81665 3.1687 14.2366 1.17286 2.13711
internal_count=70153 68537 3021 65516 1616 1135 305 667 884 525 65211 2357 503 549 309 240 206 319 302 160 1886 231 177 87 124 144 93 1808 116 142
is_linear=0
shrinkage=0.05


Tree=13
num_leaves=29
num_cat=0
split_feature=7 3 7 2 0 0 7 4 4 7 4 5 0 0 5 0 0 7 0 0 7 0 7 0 0 0 0 0
split_gain=515.011 240.73 67.0967 40.1074 31.2794 22.9715 12.6093 9.84716 8.83771 9.17267 7.89618 7.94299 5.93105 4.14743 3.47034 2.7238 2.61536 2.10975 1.55959 1.40676 1.30456 1.26221 1.00878 0.569165 0.474753 0.414177 0.391825 0.411607
threshold=0.30074496361111119 1.0000000180025095e-35 716.72763888888892 1.0000000180025095e-35 15125.000000000002 15575.000000000002 3.7412500000000004 1.0000000180025095e-35 1.0000000180025095e-35 0.092348481944444463 1.0000000180025095e-35 1.0000000180025095e-35 29275.000000000004 59425.000000000007 1.0000000180025095e-35 160850.00000000003 53275.000000000007 3.9322222222222227 29275.000000000004 21375.000000000004 0.13776479291666668 87625.000000000015 0.19925014750000003 37775.000000000007 55425.000000000007 70225.000000000015 20825.000000000004 24025.000000000004
decision_type=2 2 2 2 2 2 2 2 2 2 2 2 2 2 2 2 2 2 2 2 2 2 2 2 2 2 2 2
left_child=4 3 5 10 -1 -3 -5 14 9 19 -2 12 26 23 -7 16 18 -15 20 -6 -11 -4 -22 -14 -13 -26 -12 -28
right_child=1 2 21 6 8 7 -8 -9 -10 15 11 24 13 17 -16 -17 -18 -19 -20 -21 22 -23 -24 -25 25 -27 27 -29
leaf_value=-0.041702033417953505 -0.047626592748601565 -0.039118289826776766 -0.046867227471279263 0.092561520441526088 0.042648675145766389 0.062387083043998565 -0.034263980242549202 0.10149026399145922 0.091886820718260986 0.027666025294460661 -0.037661471824471632 -0.046262018991956345 0.023174886930130041 0.033101287997267713 0.0077260661651517726 0.064501358693838426 -0.026159838396720904 -0.032956945292122689 0.042393657021295356 0.080500661647783744 0.010249034336622147 0.011645951478863242 -0.035990531518745143 0.081686167063270879 0.013728332341937112 -0.022256428798078723 0.017988958177912538 -0.01877584546671399
leaf_weight=4.8252622871659687 382.77813433855772 3.4152376437559715 12.839931223075833 6.1832249313592893 6.6703046299517146 15.954665795434268 2.0957178212702274 35.634203094989061 85.664879836142063 2.365355711430313 2.9650215147994459 10.925983117893336 1.698418424464762 1.1225819271057846 3.8759582275524727 3.3980833590030661 2.092269839718937 1.8419339926913378 5.7848316272720695 36.691165376454592 1.6513889208436012 0.60831364057958204 1.3996080933138728 2.3832263862714171 0.56206145510077543 0.78152186889201403 0.46617248281836488 0.58972554933279753
leaf_count=730 62865 466 1838 44 53 321 254 165 371 33 431 1393 78 26 184 16 44 118 80 208 39 48 60 87 40 60 39 54
internal_value=-0.00393187 -0.028942 0.0546967 -0.0436368 0.0765859 0.0775003 0.0602244 0.0852467 0.0807604 0.0636436 -0.0458968 -0.0167332 0.0134825 0.0392109 0.0525872 0.0296379 0.0168369 -0.00590268 0.0263541 0.0757705 0.00528603 -0.0435976 -0.014611 0.0666907 -0.0429498 -0.00776837 -0.0304331 -0.00168954
internal_weight=637.265 486.722 72.3283 414.394 150.543 58.8801 8.27894 55.4648 145.718 60.053 406.115 23.3366 11.0671 7.04616 19.8306 16.6915 13.2935 2.96452 11.2012 43.3615 5.41635 13.4482 3.051 4.08164 12.2696 1.34358 4.02092 1.0559
internal_count=70145 68511 3022 65489 1634 1136 298 670 904 533 65191 2326 833 309 505 272 256 144 212 261 132 1886 99 165 1493 100 524 93
is_linear=0
shrinkage=0.05


Tree=14
num_leaves=27
num_cat=0
split_feature=7 3 7 2 0 0 1 0 1 0 7 0 5 1 7 5 7 1 0 7 0 0 0 7 7 7
split_gain=476.747 225.991 56.5124 38.3471 29.3681 22.6168 14.405 5.40626 3.69458 4.58609 5.4257 4.06095 4.86579 2.80023 4.71825 1.93441 1.28358 1.16945 1.15796 0.800113 0.557225 0.26171 0.834516 2.15594 1.76037 0.0956024
threshold=0.30074496361111119 1.0000000180025095e-35 716.72763888888892 1.0000000180025095e-35 15125.000000000002 16925.000000000004 2.2923196064754543 240300.00000000003 3.1968853820598011 56725.000000000007 0.41152777777777783 32275.000000000004 1.0000000180025095e-35 0.865844351712585 0.092348481944444463 1.0000000180025095e-35 0.13776479291666668 4.0376638141303909 87625.000000000015 18.547222222222228 36425.000000000007 17225.000000000004 17525.000000000004 75.855833333333351 97.938888888888911 0.41152777777777783
decision_type=2 2 2 2 2 2 2 2 2 2 2 2 2 2 2 2 2 2 2 2 2 2 2 2 2 2
left_child=4 3 5 8 -1 -3 20 -8 21 11 -11 -10 17 14 -6 -7 -16 -13 -4 -14 -5 -2 23 -23 -25 -24
right_child=1 2 18 6 13 15 7 -9 9 10 -12 12 19 -15 16 -17 -18 -19 -20 -21 -22 22 25 24 -26 -27
leaf_value=-0.041557695302903888 -0.049581615340570248 -0.039636389286760457 -0.043043223137104694 -0.037481783215430158 0.069921508893956819 0.085611205216911596 0.13490956608073534 0.027077882066828308 -0.03254050156230686 0.052569151502700563 -0.046593170680596853 0.01113831873063658 0.021269346789808546 0.081967468054050863 0.035456887545630346 0.048392006440568278 -0.0045859923616758816 0.11249792987065002 0.012486423715596221 -0.028203911854176672 0.0048693790222811943 -0.034529119535265329 -0.015528471193355898 0.070155109524463299 -0.017000000710373948 -0.044686822987056264
leaf_weight=4.7367367381229988 209.1630602311343 3.6175490091554812 12.444708642549809 2.1352048353292035 18.687692899256948 46.394300222396851 3.084041518624872 2.4903199225664139 1.820768413599583 0.71795870643108983 11.511841916013507 0.62365056667476892 0.40118069760501396 116.69591603707522 3.4672593995928755 8.7771629509516043 3.2569480082020164 0.83801559079438448 0.5865962943062194 1.266278530936688 0.75416841078549612 2.1904804469086225 1.6374846752732981 0.24778363853692997 0.51030818838626146 157.14319783542305
leaf_count=746 36441 491 1847 130 112 436 48 62 278 14 1548 72 60 680 31 198 66 79 45 175 51 380 100 43 86 25964
internal_value=-0.0044151 -0.0290715 0.0520281 -0.0438541 0.0738904 0.0727156 0.0566917 0.0981824 -0.0461871 -0.0216561 -0.0372383 0.016631 0.0461943 0.078002 0.0573781 0.080657 0.0179789 0.0913437 -0.0398318 -0.0127896 -0.0280177 -0.0472621 -0.043976 -0.0122326 0.0351877 -0.0444852
internal_weight=615.201 468.356 71.8203 396.536 146.845 58.789 8.46373 5.57436 388.072 17.1797 12.2298 4.94989 3.12913 142.108 25.4119 55.1715 6.72421 1.46167 13.0313 1.66746 2.88937 370.892 161.729 2.94857 0.758092 158.781
internal_count=70183 68548 3017 65531 1635 1125 291 110 65240 2226 1562 664 386 889 209 634 97 151 1892 235 181 63014 26573 509 129 26064
is_linear=0
shrinkage=0.05


Tree=15
num_leaves=31
num_cat=0
split_feature=7 3 4 2 7 4 1 1 7 4 5 1 8 1 1 1 1 7 5 7 1 1 7 7 7 1 1 1 1 2
split_gain=436.941 204.837 53.0946 38.3587 16.7124 15.4373 18.188 10.0787 9.29472 8.43209 10.9766 6.61034 5.91397 4.19805 3.87901 2.56974 3.58114 2.13617 2.1246 1.85396 2.9765 3.45888 1.52357 2.24689 1.40824 1.39053 2.36829 1.04735 1.03473 0.833377
threshold=0.30074496361111119 1.0000000180025095e-35 1.0000000180025095e-35 1.0000000180025095e-35 88.841527777777785 1.0000000180025095e-35 0.55393928790161717 2.2923196064754543 0.092348481944444463 1.0000000180025095e-35 1.0000000180025095e-35 19.778839613637373 217.16070371010727 0.57237396684682984 19.778839613637373 1.0170992382354631 0.5904594779144553 49.794722222222227 1.0000000180025095e-35 32.785972222222227 1.1639013424321558 2.7729406069869937 0.41152777777777783 144.09666666666669 27.254305555555558 3.4221855157369352 1.3958839162969146 0.91676428346608496 0.63271191209082189 1.0000000180025095e-35
decision_type=2 2 2 2 2 2 2 2 2 2 2 2 2 2 2 2 2 2 2 2 2 2 2 2 2 2 2 2 2 2
left_child=5 3 4 9 12 6 -1 28 27 -2 13 -6 14 -11 17 16 -10 19 -19 20 -3 -22 -15 24 25 26 -24 -8 -5 -4
right_child=1 2 29 7 11 -7 8 -9 15 10 -12 -13 -14 22 -16 -17 -18 18 -20 -21 21 -23 23 -25 -26 -27 -28 -29 -30 -31
leaf_value=-0.033310389012916455 -0.047479350117796693 -0.035283642244613014 0.09642346844306468 0.012639777256702412 -0.042057034975067124 0.085517814333048586 0.041721166115884084 0.088026153793391029 0.049621089273526653 -0.033286180827852195 -0.046450820914888169 0.053836137891400654 0.075084426996965797 0.082868204359746678 0.066145200176507046 0.036535256968852368 -0.030129945798086723 0.051736827406732327 -0.021801125858836451 -0.039959378583208541 0.061678134129611401 -0.013799214573905098 -0.0068364566495768735 0.07851967371386559 -0.013522605686865927 -0.0096695560904371744 0.072078754794052499 0.075915355438776186 -0.034838072796596446 0.061865818498685415
leaf_weight=5.2387407426722339 349.32064288342372 2.0762018826790136 26.954214932397008 1.2801708760671302 15.120331083890051 82.007709158584476 6.9245033683255306 5.9603786757215858 1.0624110670760298 1.9420215501450009 11.522212993819267 1.1612377539277083 5.2746415645815423 0.69083915743976643 1.9906485378742225 12.255589985288678 3.4798562126234174 2.3045647377148284 0.74499544827267516 2.4545555985532701 2.0962189417332411 2.3979030139744282 1.2975620799697938 0.5502366879954933 3.0160309695638716 1.4298226544633506 1.4402590212412176 35.107744978740811 1.7445941204205153 10.504451192915438
leaf_count=588 62960 219 141 78 2125 377 93 112 14 271 1535 8 36 6 9 186 156 100 64 123 84 22 132 43 230 71 72 210 102 102
internal_value=-0.00410312 -0.0283475 0.0478527 -0.0430816 0.00376142 0.0708082 0.0509552 0.0546712 0.0588902 -0.0455882 -0.0146522 -0.0324982 0.0343844 0.0216678 0.0151503 0.0253771 -0.00588906 0.00232698 0.0328245 -0.0102247 0.00469478 0.0262245 0.0365232 0.0233693 0.0100665 0.0264508 0.0428548 0.0713826 -0.0165961 0.0885932
internal_weight=599.351 453.275 73.08 380.195 35.6213 146.077 64.0688 8.98514 58.8301 371.21 21.889 16.2816 19.3397 10.3668 14.0651 16.7979 4.54227 12.0744 3.04956 9.02488 6.57032 4.49412 8.42475 7.73391 7.18367 4.16764 2.73782 42.0322 3.02476 37.4587
internal_count=70269 68645 3033 65612 2790 1624 1247 292 659 65320 2360 2133 657 825 621 356 170 612 164 448 325 106 554 548 505 275 204 303 180 243
is_linear=0
shrinkage=0.05


Tree=16
num_leaves=31
num_cat=0
split_feature=7 1 4 4 0 8 5 1 0 4 7 2 8 1 0 2 0 1 0 0 7 7 0 7 7 1 0 8 7 8
split_gain=406.997 169.884 31.0981 25.2104 24.8602 23.2023 13.7813 10.05 9.63982 9.00069 9.80631 8.98714 7.51347 5.90261 4.09081 2.92311 2.42654 2.29406 1.3924 2.12263 1.57227 3.74535 2.64947 1.92121 1.2504 1.18584 0.948709 2.02759 1.82064 1.44793
threshold=0.30074496361111119 2.8864952755145477 1.0000000180025095e-35 1.0000000180025095e-35 15125.000000000002 217.16070371010727 1.0000000180025095e-35 19.778839613637373 16925.000000000004 1.0000000180025095e-35 0.13776479291666668 1.0000000180025095e-35 1502.0312290503152 1.9891286160466968 447175.00000000006 1.0000000180025095e-35 240300.00000000003 1.8875203576783794 59425.000000000007 32275.000000000004 18.267638888888893 25.417361111111116 49375.000000000007 81.595000000000013 0.19925014750000003 1.193481754783168 447175.00000000006 11.410946739892816 29.274444444444448 157.97120600351386
decision_type=2 2 2 2 2 2 2 2 2 2 2 2 2 2 2 2 2 2 2 2 2 2 2 2 2 2 2 2 2 2
left_child=4 2 12 5 -1 7 8 18 -4 10 17 -10 -2 -8 -9 -14 -7 -6 19 -3 -21 -22 -23 -24 -12 -26 29 28 -28 -20
right_child=1 3 6 -5 9 16 13 14 11 -11 24 -13 15 -15 -16 -17 -18 -19 26 20 21 22 23 -25 25 -27 27 -29 -30 -31
leaf_value=-0.0411111796478058 -0.046357016765511898 -0.036610457968771319 -0.036789280394884792 0.076605262214777536 0.053070243378810639 0.094684288205409375 -0.043139930436198341 -0.014515522010036516 0.072469972589266282 0.082841260372823994 0.025470218741992741 -0.03492894981834959 -0.028034477095032446 0.037600877708582364 0.073710437156643632 0.048214659998980086 0.032278428224996332 0.082122788687586851 -0.047391512386088741 -0.025868618049606135 0.097257948383703413 -0.033801476639370241 -0.017544552299996088 0.068410342913864108 -0.029024181910081728 0.012117197675192631 -0.020801774384307768 -0.038599990663430533 0.054816343988962249 0.018376619900999269
leaf_weight=4.4674016544595352 337.65341320680454 2.6240077144466403 2.7033117651008078 31.63446778524667 32.68755840882659 6.067094484344123 10.712397180497645 1.4973633741028596 11.124479102902111 81.923718690872192 5.8989330325275642 1.6998403198085732 1.1961238915100687 1.9887668946757919 3.1917795557528734 2.338018499314785 3.9064313587732613 16.696805208921432 9.5763896079733932 1.036958970595151 0.35741666937246952 1.8149077254347505 0.52969776792451717 0.65772258816286922 2.0491035426966846 3.2172589795663953 0.70308167766779595 1.509629583917558 0.8043981809169054 0.39791621221229512
leaf_count=748 62967 422 416 283 232 59 1462 160 381 369 89 45 171 68 58 20 80 91 1316 140 60 238 80 49 60 54 97 36 34 13
internal_value=-0.00392491 -0.0281985 -0.0414246 0.0450065 0.067758 0.0148391 0.00873194 -0.0116 0.0392141 0.0714345 0.0549059 0.0567376 -0.0455878 -0.0286758 0.0479382 0.0219169 0.0754101 0.0643279 -0.0271682 -0.00772137 0.0131091 0.0283134 -0.00214388 0.0395752 0.0113701 -0.0059678 -0.0363745 -0.00831152 0.0253176 -0.0433323
internal_weight=582.666 435.726 369.416 66.3093 146.941 34.6748 28.2288 24.7013 15.5276 142.473 60.5497 12.8243 341.188 12.7012 4.68914 3.53414 9.97353 49.3844 20.0121 7.02071 4.3967 3.35974 3.00233 1.18742 11.1653 5.26636 12.9914 3.01711 1.50748 9.97431
internal_count=70298 68655 65530 3125 1643 2842 2372 2703 842 895 526 426 63158 1530 218 191 139 323 2485 989 567 427 367 129 203 114 1496 167 131 1329
is_linear=0
shrinkage=0.05


Tree=17
num_leaves=31
num_cat=0
split_feature=7 1 4 8 4 0 4 6 1 7 0 5 0 8 2 7 1 6 2 1 0 0 7 7 0 0 0 0 0 7
split_gain=362.125 170.323 26.5407 28.9642 22.043 21.4008 12.6065 19.8676 11.2622 11.02 10.8775 9.97866 6.77649 6.69647 6.32595 3.7759 3.40654 2.77649 2.58358 2.31039 1.57765 1.47439 1.26814 1.07958 0.827058 1.09515 0.972978 0.726286 1.58959 1.87928
threshold=0.30074496361111119 2.6625769853526839 1.0000000180025095e-35 217.16070371010727 1.0000000180025095e-35 15125.000000000002 1.0000000180025095e-35 2.5000000000000004 19.778839613637373 0.055346931944444448 160850.00000000003 1.0000000180025095e-35 16925.000000000004 1146.7097124840948 1.0000000180025095e-35 0.02546343388888889 1.9891286160466968 1.5000000000000002 1.0000000180025095e-35 0.78246623516497893 240300.00000000003 447175.00000000006 26.143055555555559 73.756527777777791 20075.000000000004 21025.000000000004 20825.000000000004 59425.000000000007 44775.000000000007 81.595000000000013
decision_type=2 2 2 2 2 2 2 2 2 2 2 2 2 2 2 2 2 2 2 2 2 2 2 2 2 2 2 2 2 2
left_child=5 4 3 8 13 -1 7 9 27 15 -11 12 -6 24 19 -7 -13 -8 -15 22 -5 23 -14 -10 -2 26 -26 28 -3 -30
right_child=1 2 -4 20 11 6 17 -9 21 10 -12 16 14 18 -16 -17 -18 -19 -20 -21 -22 -23 -24 -25 25 -27 -28 -29 29 -31
leaf_value=-0.040533948371873463 -0.049302889583577959 -0.029260103320725761 0.07285709949608625 0.095019200786779445 -0.036362128567154615 0.015172121373693941 0.097872172724750933 0.073736822320535023 -0.023971654336839718 -0.037683941522685081 0.048643879320295 -0.042628510143257595 -0.026157555289441331 -0.029078565215766478 -0.034196223669066897 0.074536370158987272 0.020879563139013384 0.070605837136196323 0.039637562582570916 0.065455680413785258 0.037034415348654086 0.065186136894511623 0.031879067260305753 0.03164241029955648 -0.026913762780082298 -0.043022270819913298 0.012700250199031444 -0.037170821297565645 -0.016761365989652968 0.046721704101982869
leaf_weight=4.1497921789996317 205.2609842591919 5.9382267417386227 34.366444332059473 6.6416575196199101 2.5931566446088263 5.300735270604493 25.509892866015434 32.818646356463432 0.80475147999822982 11.101778937038032 4.26295581459999 10.074606244452296 0.96641677990555475 1.3077174490317696 1.6257981597445912 6.1420738808810711 1.9658338078297681 54.381944194436073 2.6270391531288624 8.983114558272062 3.6713199550285935 3.0617143739946187 0.80951212905347347 0.70533482916653156 5.3871503602713338 107.12560931919143 1.3865212886594234 13.808250270783899 1.904235066380352 1.0240408158861098
leaf_count=723 41009 954 314 68 412 41 110 145 111 268 19 1424 68 196 45 49 64 257 24 245 81 59 55 46 1034 19991 272 1655 266 105
internal_value=-0.00457996 -0.0279246 0.0417369 0.0121114 -0.0423137 0.0637164 0.0670836 0.0481902 -0.0152973 0.0153882 -0.0122234 0.00103805 0.0274911 -0.045931 0.0425786 0.0504661 -0.0314536 0.0804144 0.0155351 0.0561015 0.0794754 0.0494392 0.0022511 0.00426202 -0.0467349 -0.0417183 -0.0182144 -0.0298867 -0.0159252 0.0116814
internal_weight=565.707 422.039 71.926 37.5595 350.113 143.668 139.518 59.6262 27.2466 26.8075 15.3647 27.0184 14.978 323.095 12.3848 11.4428 12.0404 79.8918 3.93476 10.759 10.313 4.5718 1.77593 1.51009 319.16 113.899 6.77367 22.6748 8.8665 2.92828
internal_count=70110 68498 3659 3345 64839 1612 889 522 3196 377 287 2313 825 62526 413 90 1488 367 220 368 149 216 123 157 62306 21297 1306 2980 1325 371
is_linear=0
shrinkage=0.05


Tree=18
num_leaves=31
num_cat=0
split_feature=7 3 4 2 1 1 1 4 6 1 7 1 1 7 7 4 7 8 7 1 1 2 5 6 1 1 1 7 7 7
split_gain=358.596 174.442 37.7269 27.3627 16.2788 16.0171 8.94059 8.24838 13.8982 14.6497 5.89164 9.45177 5.20805 4.95621 4.89051 4.66082 5.40552 4.00032 3.38284 2.08817 1.91341 1.60739 1.56831 1.52945 0.904144 0.854582 1.47158 1.15171 2.99993 0.626073
threshold=0.30074496361111119 1.0000000180025095e-35 1.0000000180025095e-35 1.0000000180025095e-35 1.695958913690945 0.28623236886652648 2.2923196064754543 1.0000000180025095e-35 2.5000000000000004 1.8875203576783794 4.9784722222222237 19.778839613637373 1.8875203576783794 0.055346931944444448 0.092348481944444463 1.0000000180025095e-35 0.41152777777777783 1502.0312290503152 0.02546343388888889 7.0936826880311843 9.7268567054966599 1.0000000180025095e-35 1.0000000180025095e-35 1.5000000000000002 1.0904933816777802 0.67578533382629702 0.80603805654901517 17.698611111111116 12.138888888888891 122.84180555555557
decision_type=2 2 2 2 2 2 2 2 2 2 2 2 2 2 2 2 2 2 2 2 2 2 2 2 2 2 2 2 2 2
left_child=5 3 4 15 17 -1 -5 8 9 13 -6 12 -12 18 -11 -2 -17 -3 -7 -8 -14 -4 25 -9 -15 -18 -27 28 -28 -29
right_child=1 2 21 6 10 7 19 23 -10 14 11 -13 20 24 -16 16 22 -19 -20 -21 -22 -23 -24 -25 -26 26 27 29 -30 -31
leaf_value=-0.042565719395429719 -0.046854076425638901 -0.040490607259256885 0.085263931632994214 -0.028266933260165245 0.0726835001861941 -0.012367797843424365 0.094717239871470793 0.092462549282057244 0.072370694332418647 0.093868027785180955 0.063141255452313513 0.085051450589035543 -0.035116138831375585 -0.046079005411084811 0.025774601671721076 0.059731520193453805 -0.03475786278632359 0.051531288676611248 0.050006935696132473 0.028020689618682565 0.0082356274682816571 0.051217992513003997 -0.041352232589913794 0.069089886697354788 -0.011241824135076376 0.039579715148852911 -0.020479235768359774 -0.031533533513134294 0.060401698050316255 0.0094073827070693516
leaf_weight=2.80638543376699 304.57973698526621 14.041265861131247 26.326754789799452 2.8586550508625788 5.5791658908128765 3.5807979595847454 3.0687997206114233 25.66062499396503 33.19080727500841 5.6325371284037811 1.1939869546331454 2.5470551885664454 6.7407601755112392 4.5000180932693166 6.1269437414593995 0.98523670062423008 2.2174768126569697 0.43909567547962147 3.5137621061876416 3.3428347283042967 3.3098363764584064 11.162034928798674 10.055058906320482 53.640214473009109 4.0952600962482393 0.66975986864417603 2.2608897411264484 4.1024130657315254 0.79934339923784126 0.66619134601205576
leaf_count=375 62929 2283 140 176 34 60 46 121 207 32 87 13 346 324 70 16 319 5 65 66 24 105 1500 261 102 70 105 243 41 43
internal_value=-0.00379515 -0.0277173 0.0428547 -0.0428016 0.00422388 0.0641209 0.0387528 0.0665473 0.0509253 0.0233618 0.0334831 0.0137836 -0.00798723 -0.00848722 0.0631904 -0.0452296 -0.0214285 -0.0345516 0.0208863 0.068416 -0.0213863 0.0767211 -0.0278449 0.0777102 -0.0323821 -0.012723 -0.00391964 -0.0117025 0.0103203 -0.0251747
internal_weight=549.694 406.946 71.34 335.606 33.8512 142.747 9.27029 139.941 60.6401 27.4493 19.3708 13.7916 11.2446 15.6898 11.7595 326.336 21.7564 14.4804 7.09456 6.41163 10.0506 37.4888 20.7711 79.3008 8.59528 10.7161 8.4986 7.82884 3.06023 4.7686
internal_count=70208 68591 3037 65554 2792 1617 288 1242 860 653 504 470 457 551 102 65266 2337 2288 125 112 370 245 2321 382 426 821 502 432 146 286
is_linear=0
shrinkage=0.05


Tree=19
num_leaves=31
num_cat=0
split_feature=7 3 7 2 0 0 4 6 0 7 4 8 4 1 7 0 0 7 7 7 1 7 0 0 1 7 0 7 7 7
split_gain=300.288 166.044 36.6121 36.0835 18.9694 13.4008 10.0487 18.6788 8.43902 13.3369 7.6141 7.30082 6.69847 6.82261 3.89659 3.51348 5.02095 2.1733 2.14245 1.88175 1.57947 1.3877 1.1494 1.07534 1.03687 0.949586 0.570642 0.500128 0.490419 4.1315
threshold=0.30074496361111119 1.0000000180025095e-35 716.72763888888892 1.0000000180025095e-35 15125.000000000002 15575.000000000002 1.0000000180025095e-35 2.5000000000000004 363025.00000000006 0.055346931944444448 1.0000000180025095e-35 885.61210271637276 1.0000000180025095e-35 1.9891286160466968 88.841527777777785 56725.000000000007 37775.000000000007 0.02546343388888889 1.8079166666666668 2.4484722222222226 13.514263300784213 0.13776479291666668 32675.000000000004 87625.000000000015 1.4104383727894221 157.31652777777779 20225.000000000004 114.81472222222224 23.90388888888889 47.420972222222225
decision_type=2 2 2 2 2 2 2 2 2 2 2 2 2 2 2 2 2 2 2 2 2 2 2 2 2 2 2 2 2 2
left_child=4 3 5 12 -1 -3 7 8 9 17 14 -5 -2 18 28 16 -15 -6 22 -17 27 24 -14 -4 -11 -20 -27 -16 -7 -30
right_child=1 2 23 11 6 10 -8 -9 -10 21 -12 -13 13 15 20 19 -18 -19 25 -21 -22 -23 -24 -25 -26 26 -28 -29 29 -31
leaf_value=-0.040280844652062005 -0.046503980778269956 -0.037295407678543023 -0.041685154732211099 -0.031934640203704963 0.013897925113116764 0.056383862653807904 0.074627125813043108 0.071265517184570151 0.074595077996160886 -0.032894210995186794 0.07861694298204347 0.06636515111567666 -0.018701535646244171 -0.011551198157966978 0.0039468163247604049 0.026591039895786428 0.095017636606619105 0.057956512050532684 -0.043230611244962705 -0.034708941601833104 0.028351256692103612 -0.050813930354685448 0.043900461993628528 0.011961741948927206 0.0029535220052484823 -0.016766999736688572 0.029358530747021078 -0.036062175643982855 -0.010459233671438226 0.058519979896453612
leaf_weight=4.024722335394471 290.753375638742 2.8258092352189115 10.378103438299146 1.7235094620846201 6.1281008720398003 9.7070659520104581 75.654767513275146 31.351796388626099 3.9030758291482917 2.9350512120872718 35.009492037817836 8.3526467625051719 0.5843883180059517 1.5331281302496784 0.83028279710561026 1.1692411210387947 1.724386556074023 5.8731665313243866 12.796391969546672 2.1372084757313132 1.16093273460865 5.2860739044845104 0.585663259960711 0.59357434371486384 3.8316945284605026 0.50009124120697457 0.25707933865487576 1.8145532528869805 3.3494293531402937 4.0521702151745558
leaf_count=744 62939 474 1853 239 45 153 362 145 17 57 162 55 72 72 47 24 46 46 1859 120 6 180 28 46 39 91 23 89 89 116
internal_value=-0.0039376 -0.0263375 0.043182 -0.0414719 0.0589496 0.0587304 0.0621832 0.0453354 0.0148 0.0025074 0.0641525 0.048186 -0.0445117 -0.0164349 0.0374574 0.0235852 0.0539291 0.0382586 -0.0346416 -0.0118907 -0.00686882 -0.0332947 0.0184239 -0.0380261 -0.0148286 -0.0401738 0.00668915 -0.0258654 0.0471524 0.0297754
internal_weight=530.827 391.839 69.7214 322.117 138.988 58.7497 134.964 59.309 27.9572 24.0541 55.9239 10.0762 312.041 21.2876 20.9144 6.56396 3.25751 12.0013 14.7236 3.30645 3.80577 12.0528 1.17005 10.9717 6.76675 13.5536 0.757171 2.64484 17.1087 7.4016
internal_count=70238 68603 3035 65568 1635 1136 891 529 384 367 662 294 65274 2335 500 262 118 91 2073 144 142 276 100 1899 96 1973 114 136 358 205
is_linear=0
shrinkage=0.05


Tree=20
num_leaves=31
num_cat=0
split_feature=7 3 7 2 4 6 4 1 7 7 1 8 4 1 7 7 7 7 7 7 7 1 1 1 1 7 1 5 1 1
split_gain=285.502 169.312 33.7485 25.5688 13.2061 14.7429 10.0921 9.76707 5.8477 5.61946 6.85601 5.52605 4.94469 3.80534 2.98964 3.36421 2.35246 2.23902 2.10328 2.09528 2.90184 1.98179 1.91608 1.49864 1.15864 1.1558 2.87602 1.12906 0.985871 0.943441
threshold=0.30074496361111119 1.0000000180025095e-35 716.72763888888892 1.0000000180025095e-35 1.0000000180025095e-35 2.5000000000000004 1.0000000180025095e-35 0.91676428346608496 0.13776479291666668 4.9784722222222237 19.778839613637373 885.61210271637276 1.0000000180025095e-35 1.9891286160466968 0.055346931944444448 0.02546343388888889 111.21250000000002 17.138750000000005 1.8079166666666668 26.143055555555559 47.420972222222225 2.8864952755145477 2.4241311361138176 2.4928740944053547 1.6104177053898876 53.66180555555556 3.0202711957266133 1.0000000180025095e-35 0.54466314034280372 1.7983167021544781
decision_type=2 2 2 2 2 2 2 2 2 2 2 2 2 2 2 2 2 2 2 2 2 2 2 2 2 2 2 2 2 2
left_child=4 3 6 12 5 7 9 14 22 -3 16 -5 -2 18 15 -1 17 -11 27 29 -21 -10 24 -15 -9 -22 28 -14 -27 -19
right_child=1 2 -4 11 -6 -7 -8 8 21 10 -12 -13 13 23 -16 -17 -18 19 -20 20 25 -23 -24 -25 -26 26 -28 -29 -30 -31
leaf_value=-0.038778180851031581 -0.046867407761332185 0.067307071546207672 -0.037336365793347363 -0.032012544156274851 0.072851569824600088 0.064971627296200221 0.074435825838997438 0.041277648994332096 -0.031527440264361099 -0.034731230702508685 0.071697098275185875 0.052813410685956644 0.043493421917884099 0.039955639031770879 -0.047500669391160592 0.034107093430159989 -0.038373306575144345 0.0014223552406299198 -0.039711262609007751 -0.030493824100489311 0.057663293677826459 0.01768974339367322 0.06958260945682436 -0.0054406690281008016 0.0050708736889986247 0.019132534689770792 0.049019794419032002 -0.018585042260238157 -0.03482499232348308 0.060721799719553632
leaf_weight=1.6878606975078563 277.91744076786563 6.5162247242406037 10.386378728318958 1.7353470418602208 72.156918898224831 29.624161049257964 35.459181609563529 6.2575382688082808 2.9900812632404259 1.5812093722634042 3.0995952412486067 7.7005708846263587 0.59236007556319481 1.7435332839377213 5.0914938920177519 2.8763846922665834 2.4011274096555999 0.9296463336795554 12.961585596203802 3.0956001481972635 0.83921962231397618 3.2702939193695784 6.3983364887535563 4.8113320507109165 3.6256319121457636 0.44335840875282961 1.3426523972302673 0.57799925142899156 2.0892037623561919 1.9694854551926253
leaf_count=57 62913 95 1891 246 363 354 181 75 136 76 14 49 32 77 451 76 205 111 1970 147 66 23 34 188 38 71 13 68 137 31
internal_value=-0.00433324 -0.0265543 0.0431114 -0.0425081 0.058124 0.0400482 0.0574761 0.0158506 0.033454 0.0307719 0.0145207 0.0356405 -0.0450883 -0.0201274 -0.0245284 0.00502887 -0.0013427 0.00823479 -0.0340011 0.0170031 0.00182007 -0.00692205 0.0484811 0.0103247 0.0296816 0.0246613 0.00715249 0.0183979 -0.0226369 0.0469482
internal_weight=512.172 378.193 70.1529 308.04 133.979 61.8218 59.7665 32.1976 22.5419 24.3073 17.7911 9.43592 298.604 20.6868 9.65574 4.56425 14.6915 12.2904 14.1319 10.7092 7.81003 6.26038 16.2815 6.55487 9.88317 4.71443 3.87521 1.17036 2.53256 2.89913
internal_count=70188 68581 3038 65543 1607 1244 1147 890 306 966 871 295 65248 2335 584 133 857 652 2070 576 434 159 147 265 113 287 221 100 208 142
is_linear=0
shrinkage=0.05


Tree=21
num_leaves=31
num_cat=0
split_feature=7 3 7 2 0 0 4 6 4 1 7 7 0 5 4 0 7 1 7 7 7 7 7 7 1 0 1 1 7 0
split_gain=255.875 151.99 31.2872 29.9447 16.9871 12.0945 9.91142 14.7544 9.52482 8.17576 8.63587 8.06832 7.43919 5.17441 4.56894 4.47125 3.81692 4.61008 2.37855 2.27692 2.12566 2.43092 2.80768 1.95735 1.81151 1.01531 0.465314 0.749722 0.875537 0.421474
threshold=0.30074496361111119 1.0000000180025095e-35 716.72763888888892 1.0000000180025095e-35 15125.000000000002 15575.000000000002 1.0000000180025095e-35 2.5000000000000004 1.0000000180025095e-35 2.8864952755145477 0.055346931944444448 3.7412500000000004 29275.000000000004 1.0000000180025095e-35 1.0000000180025095e-35 59425.000000000007 4.9784722222222237 19.778839613637373 113.20180555555557 0.02546343388888889 20.863750000000007 26.143055555555559 81.595000000000013 3.5556944444444447 1.9891286160466968 87625.000000000015 7.0936826880311843 1.770756413769156 53.66180555555556 32275.000000000004
decision_type=2 2 2 2 2 2 2 2 2 2 2 2 2 2 2 2 2 2 2 2 2 2 2 2 2 2 2 2 2 2
left_child=4 3 5 8 -1 -3 7 9 29 10 19 -5 -10 15 16 24 -7 18 20 -6 -18 -22 26 -17 -14 -4 27 28 -23 -2
right_child=1 2 25 11 6 14 -8 -9 12 -11 -12 -13 13 -15 -16 23 17 -19 -20 -21 21 22 -24 -25 -26 -27 -28 -29 -30 -31
leaf_value=-0.039947693524040463 -0.048103438877161619 -0.037213736218912961 -0.041112043675346953 0.064613570254020258 0.0028741512473910696 0.067699984135766986 0.071373112485700274 0.066847506330531603 -0.040804682469727599 0.054034604387382626 -0.034668237369838928 -0.034063346594918623 0.026221143829334017 -0.02824470255618344 0.070953212035884644 0.030985951749913102 -0.022010127666200377 0.068183623510599714 -0.03549617738109969 0.046924982106942979 0.065648804336737712 0.02702843677534128 0.055908908818213726 -0.033278420468243704 0.09811922195861851 0.010961378852658875 0.0078355018360323943 -0.034565850594281071 -0.021996781734523744 -0.039565666014231782
leaf_weight=3.8659420390613368 210.70274638477713 2.8020972288213661 9.715972102247175 7.5814891941845399 5.4976261537522131 6.8938761260360506 71.145353615283966 28.703758895397186 9.5135691235773283 8.6869744714349491 9.5160564011894149 2.0332265663892031 2.8828208837658149 3.4742329120635986 34.736153781414032 1.0462011871859433 2.0903199939057222 3.1466157287359229 1.7816068688407529 5.6496053375303745 1.8591681397519986 0.93531984370201848 1.2725204732269046 1.8917069109156726 1.6583431698381899 0.6202576197683819 2.0059559345245361 1.769005140289664 0.74909568903967738 54.560930890031159
leaf_count=744 50723 480 1867 43 43 64 356 139 1702 47 251 257 136 343 162 19 71 14 94 46 46 70 50 120 27 50 13 45 46 12214
internal_value=-0.00369788 -0.0253003 0.0403224 -0.0410208 0.0554211 0.0540765 0.0585596 0.041914 -0.0439698 0.0161306 -0.00156326 0.0425031 -0.0105072 0.01702 0.0591078 0.038898 0.0385824 0.0224211 0.00666083 0.027225 0.0161292 0.0267363 0.00888896 -0.00833639 0.0654459 -0.0372959 -0.00902961 -0.0183856 0.00515352 -0.0465025
internal_weight=498.789 365.723 70.378 295.345 133.065 60.0417 129.199 58.054 285.731 29.3503 20.6633 9.61472 20.4669 10.9533 57.2396 7.47907 22.5035 15.6096 12.463 11.1472 10.6814 8.59107 6.7319 2.93791 4.54116 10.3362 5.45938 3.45342 1.68442 265.264
internal_count=70282 68656 3072 65584 1626 1155 882 526 65284 387 340 300 2347 645 675 302 513 449 435 89 341 270 224 139 163 1917 174 161 116 62937
is_linear=0
shrinkage=0.05


Tree=22
num_leaves=31
num_cat=0
split_feature=7 3 7 2 0 0 1 0 0 5 0 1 0 7 1 0 7 7 7 7 0 0 0 1 5 1 7 7 0 1
split_gain=256.57 149.534 31.6178 24.883 16.5135 11.2382 5.77174 5.11331 3.40538 5.75976 8.49571 7.53575 5.87998 3.07343 1.89812 1.74456 1.48638 1.67235 1.20183 1.09016 3.85437 1.18369 1.08742 1.07203 6.18509 3.74652 4.38057 1.08399 1.03853 1.1406
threshold=0.30074496361111119 1.0000000180025095e-35 716.72763888888892 1.0000000180025095e-35 15125.000000000002 15575.000000000002 2.2923196064754543 240300.00000000003 32275.000000000004 1.0000000180025095e-35 59425.000000000007 4.0376638141303909 52225.000000000007 89.951944444444464 0.54933899976441103 36425.000000000007 27.254305555555558 22.442916666666672 39.132361111111116 0.19925014750000003 64075.000000000007 31225.000000000004 31575.000000000004 2.1455810265282591 1.0000000180025095e-35 0.94582964596854957 47.769861111111119 26.405972222222228 44775.000000000007 2.0243905711506742
decision_type=2 2 2 2 2 2 2 2 2 2 2 2 2 2 2 2 2 2 2 2 2 2 2 2 2 2 2 2 2 2
left_child=4 3 5 8 -1 -3 22 -8 -2 10 11 12 13 15 -6 16 17 -10 -14 -16 21 -21 -5 24 25 -7 -27 -26 29 -15
right_child=1 2 -4 6 14 23 7 -9 9 -11 -12 -13 18 28 19 -17 -18 -19 -20 20 -22 -23 -24 -25 27 26 -28 -29 -30 -31
leaf_value=-0.039542768234846065 -0.047164521015155947 -0.036565569545764433 -0.04091702974671492 -0.036695530696940051 0.027307955538561468 0.10602734986261671 0.08437136470393973 -0.0026362999063400702 -0.0068243026205337389 -0.045047356188027847 -0.043708503566360885 0.10500149657158993 0.07832549811644289 0.055152329010842022 0.062955576296569865 -0.043400557895347691 -0.027752605442488705 0.069864903960877564 0.0037993826145448517 -0.025563035894594618 0.05861970793729944 0.019780744262890827 0.012223048843863084 0.063448497663262091 0.01615354167580103 0.059175419977933769 -0.014733040523633176 -0.027638287967844795 -0.016376102205472073 -0.01354870521136156
leaf_weight=3.6861647167243055 211.12729937303811 2.6279229833744457 9.5245602712966484 1.8171373228542491 6.6733915749937287 2.4075878937728685 4.4111575381830335 2.3686522762291133 1.2867781082168206 36.405803197063506 11.408194955904035 0.9181075752712794 1.3186672204174112 1.3698471467941993 110.88088731188327 5.9433231023140252 1.2240627254359422 0.25056343339383591 0.84465060429647554 1.796978766098617 6.5135606974363327 1.9769271230325101 1.2546381982974706 43.48025219142437 1.5533713549375527 4.4911548267118633 2.6338240695185959 2.4268938284367323 0.4806405440904199 0.36372753372415889
leaf_count=738 52528 468 1885 112 69 98 51 67 199 8190 2059 82 167 274 688 1158 243 52 136 52 37 39 65 257 43 79 69 116 99 73
internal_value=-0.00276586 -0.0250343 0.0404608 -0.0411346 0.0565586 0.0539216 0.0342667 0.057542 -0.0439713 -0.0324874 -0.013467 0.0124463 -0.00104421 -0.0170589 0.059615 -0.0300166 0.00266956 0.0282835 0.059627 0.0611562 0.037903 -0.00264216 -0.0186203 0.0586525 0.0399119 0.060071 0.0334037 -0.0107359 0.0273718 0.0410546
internal_weight=483.467 351.939 69.1456 282.793 131.528 59.621 9.85159 6.77981 272.942 61.8144 25.4086 14.0004 13.0823 10.9189 127.842 8.70473 2.7614 1.53734 2.16332 121.168 10.2875 3.77391 3.07178 56.9931 13.5128 9.53257 7.12498 3.98027 2.21422 1.73357
internal_count=70193 68570 3015 65555 1623 1130 295 118 65260 12732 4542 2483 2401 2098 885 1652 494 251 303 816 128 91 177 662 405 246 148 159 446 347
is_linear=0
shrinkage=0.05


Tree=23
num_leaves=31
num_cat=0
split_feature=7 3 7 2 0 0 1 0 5 0 7 0 1 1 7 1 1 6 1 7 7 0 7 1 0 1 7 7 1 1
split_gain=227.114 137.714 28.7472 23.0961 14.8654 10.3519 7.60654 3.50512 5.44408 5.08807 4.21446 4.11868 4.18454 3.09281 3.54867 2.97955 2.94026 2.63517 7.80184 7.84879 5.93721 5.03647 2.66672 2.59854 2.37606 2.28442 1.7915 1.6311 1.38348 2.66222
threshold=0.30074496361111119 1.0000000180025095e-35 716.72763888888892 1.0000000180025095e-35 15125.000000000002 15575.000000000002 2.2923196064754543 32275.000000000004 1.0000000180025095e-35 33075.000000000007 0.41152777777777783 59425.000000000007 4.6099034098427021 2.1455810265282591 55.136527777777779 7.0936826880311843 0.84805763272138557 2.5000000000000004 2.3585153611338732 0.055346931944444448 0.02546343388888889 67925.000000000015 0.092348481944444463 1.770756413769156 52225.000000000007 1.3697192400436193 89.951944444444464 4.7481944444444446 1.1443275987643255 1.6104177053898876
decision_type=2 2 2 2 2 2 2 2 2 2 2 2 2 2 2 2 2 2 2 2 2 2 2 2 2 2 2 2 2 2
left_child=4 3 5 7 -1 -3 -5 -2 9 25 -11 12 24 14 23 -8 -16 18 19 20 -6 22 -21 27 26 -9 -12 -7 -26 -30
right_child=1 2 -4 6 17 13 15 8 -10 10 11 -13 -14 -15 16 -17 -18 -19 -20 21 -22 -23 -24 -25 28 -27 -28 -29 29 -31
leaf_value=-0.039273302675794666 -0.04725898426319769 -0.036389171764180377 -0.040663889157695365 -0.02981442691410971 0.011864929487696917 0.0067968891993217834 0.081926638533320675 -0.012457347370574422 -0.044771001241141417 0.050615055611981374 -0.033699683022026874 -0.045942006875833642 0.071822035949755322 0.062065179555021811 0.040428100300510861 0.014435705346829733 -0.032679454637397506 0.064353785879437381 0.064773023176504921 0.01250701392883273 0.070766234215213927 0.046699601770079202 -0.035063305231430177 0.0014099716642762715 -0.019297522859565205 0.10522651345902836 0.012432893934715783 0.072065381265220094 0.09016896295056509 -0.0060191345627634953
leaf_weight=3.5736171468161038 201.45731910108589 2.585852062329649 9.2567263869568688 2.9515669881366176 7.3996851891279229 1.3979755365289728 3.8621625178493559 0.3288605241104986 34.667307385476306 1.129015134647491 7.91145999310538 10.334092735778539 0.62390122888609845 43.331372334621847 1.161769954022019 3.2376431431621313 2.8505069399252534 60.861195027828217 30.74690312333405 4.1514186412096006 10.949192233383656 3.1926914434880009 6.5729026291519403 2.4903060495853424 0.62000985117629293 0.28633348038420081 2.1784406048245728 5.1550652300938964 0.42460541799664486 1.2205156185664234
leaf_count=741 52484 476 1897 178 54 28 45 69 8143 31 1557 2034 48 262 71 69 113 332 162 40 65 22 193 30 114 45 417 170 68 139
internal_value=-0.00373933 -0.0251051 0.0379927 -0.0410588 0.0529218 0.0508113 0.0309193 -0.0439362 -0.0321344 -0.0136041 -0.0186026 -0.0238986 -0.00431627 0.0553747 0.0303331 0.0567315 -0.00766841 0.0558747 0.0468078 0.0282558 0.0488535 -0.000355642 -0.0171526 0.0462781 -0.0132511 0.073553 -0.0235165 0.0608849 0.0256735 0.0435101
internal_weight=466.91 339.463 68.2296 271.233 127.448 58.9728 10.0514 261.182 59.7245 25.0572 24.442 23.313 12.9789 56.387 13.0556 7.09981 4.01228 123.874 63.0128 32.2659 18.3489 13.917 10.7243 9.04335 12.355 0.615194 10.0899 6.55304 2.26513 1.64512
internal_count=70097 68488 3047 65441 1609 1150 292 65149 12665 4522 4408 4377 2343 674 412 114 184 868 536 374 119 255 233 228 2295 114 1974 198 321 207
is_linear=0
shrinkage=0.05


Tree=24
num_leaves=31
num_cat=0
split_feature=4 7 0 1 6 1 1 7 1 7 1 7 1 8 0 2 7 0 2 7 0 5 1 7 7 0 1 0 0 0
split_gain=216.069 110.106 21.6698 18.5908 14.7508 18.3138 12.7597 8.76995 6.56555 5.22598 10.8906 3.46463 3.25656 3.17242 3.34067 2.64035 2.50829 2.07292 2.05102 5.03521 3.19725 2.03518 2.02698 1.93483 2.34754 1.83062 2.16247 1.61665 1.75376 1.27498
threshold=1.0000000180025095e-35 2.2776388888888892 15125.000000000002 0.55393928790161717 2.5000000000000004 2.4241311361138176 4.0376638141303909 0.055346931944444448 0.6142199264175866 0.41152777777777783 2.1455810265282591 0.02546343388888889 19.778839613637373 157.97120600351386 50225.000000000007 1.0000000180025095e-35 1.0898611111111112 20075.000000000004 1.0000000180025095e-35 0.19925014750000003 649650.00000000012 1.0000000180025095e-35 0.67578533382629702 1.656527777777778 32.785972222222227 40275.000000000007 1.2592738984043335 37325.000000000007 54275.000000000007 20225.000000000004
decision_type=2 2 2 2 2 2 2 2 2 2 2 2 2 2 2 2 2 2 2 2 2 2 2 2 2 2 2 2 2 2
left_child=1 3 -2 -1 5 7 17 11 16 -4 22 -5 13 14 -8 -10 -9 -3 19 -7 -21 29 -11 -24 27 -26 -27 -25 -29 -19
right_child=2 6 9 4 -6 18 12 8 15 10 -12 -13 -14 -15 -16 -17 -18 21 -20 20 -22 -23 23 24 25 26 -28 28 -30 -31
leaf_value=-0.038509842563129032 -0.041861643872591559 -0.048803197536191292 0.068064721971679037 -0.0028327062577985142 0.062865031522474801 0.054938636761464411 0.028298976061384991 -0.016833291014954732 -0.041233601316737714 -0.024948228315994754 0.060023347991974757 0.052996111250765199 0.032195685364704615 0.02333101625911509 -0.039644249610243862 0.016546112009826714 0.084486999321001718 0.029151989357806014 0.074852805933846342 -0.041452793431281804 0.035768700703316954 -0.043291981368566892 -0.031393326490285534 0.063587759517936132 -0.020626575445055823 0.062347998730540859 -0.010306071277541738 -0.027407293488811303 0.034159945392622487 -0.026942671973097816
leaf_weight=9.5291079052258265 4.9884729138575485 142.1764656289015 65.008060285821557 4.8847104287706333 25.693334001116455 8.2935214005410689 1.4950925814919198 0.49533122614957636 16.947810323210437 2.6627766336314371 32.593934097327292 5.1639431780204177 4.5117473672144106 3.4829352474771431 8.0830168148968351 1.6842829138040532 0.8176164967007935 0.26274223602377134 7.1718296110630027 2.3081927816383532 1.3084504189901056 56.543363803531975 0.97695414535701175 3.0888324056286347 3.5354934155475348 1.0009444304741921 1.6118683181703088 1.0526431854814293 1.7619084189645944 30.845542157301679
leaf_count=1762 1151 39273 357 55 156 43 191 94 2279 347 356 56 216 96 946 12 100 69 32 256 19 14733 34 215 314 35 59 62 57 6980
internal_value=-0.0040284 -0.0247197 0.0537172 0.0244208 0.0328435 0.0161844 -0.0414945 -0.00830006 -0.0270825 0.0582551 0.043935 0.0280573 -0.000400311 -0.0131491 -0.027366 -0.0354337 0.0555108 -0.0446212 0.0531667 0.0353218 -0.0118189 -0.0373638 0.00892261 0.01713 0.0231674 0.000599454 0.0270805 0.0431801 0.00998525 -0.0255757
internal_weight=449.981 331.699 118.282 84.2981 74.769 49.0757 247.401 29.9937 19.945 113.293 48.2854 10.0487 17.5728 13.061 9.57811 18.6321 1.31295 229.828 19.082 11.9102 3.61664 87.6516 15.6914 13.0286 12.0517 6.14831 2.61281 5.90338 2.81455 31.1083
internal_count=70355 67368 2987 4864 3102 2946 62504 2596 2485 1836 1479 111 1449 1233 1137 2291 194 61055 350 318 275 21782 1123 776 742 408 94 334 119 7049
is_linear=0
shrinkage=0.05


Tree=25
num_leaves=31
num_cat=0
split_feature=4 7 0 6 2 3 7 0 0 5 7 0 0 8 7 8 7 0 0 0 7 7 0 0 0 0 0 7 0 7
split_gain=199.434 105.038 20.1122 17.923 13.9629 13.5567 13.4576 12.6578 7.39756 6.2639 6.21885 6.08531 5.84607 4.4496 3.74712 2.40913 2.34673 1.86415 1.74732 2.00779 2.18558 2.55232 1.74102 1.68749 1.56145 1.32767 5.11363 1.30624 1.14227 0.956691
threshold=1.0000000180025095e-35 2.2776388888888892 15125.000000000002 2.5000000000000004 1.0000000180025095e-35 1.0000000180025095e-35 0.055346931944444448 447175.00000000006 31575.000000000004 1.0000000180025095e-35 0.41152777777777783 21375.000000000004 37775.000000000007 885.61210271637276 31.044166666666673 1692.0568814222668 3.5556944444444447 17525.000000000004 36825.000000000007 649650.00000000012 62.720833333333339 716.72763888888892 15725.000000000002 20825.000000000004 18275.000000000004 109250.00000000001 240300.00000000003 157.31652777777779 17675.000000000004 21.352638888888894
decision_type=2 2 2 2 2 2 2 2 2 2 2 2 2 2 2 2 2 2 2 2 2 2 2 2 2 2 2 2 2 2
left_child=1 3 -2 4 6 13 9 25 -7 -1 -4 -11 14 -3 23 -15 -14 22 -10 20 29 -22 -5 -12 28 -8 -27 -18 -16 -20
right_child=2 5 10 17 -6 8 7 -9 18 11 12 -13 16 15 24 -17 27 -19 19 -21 21 -23 -24 -25 -26 26 -28 -29 -30 -31
leaf_value=-0.022924248151820915 -0.041717986830201045 -0.046580433630694584 0.065984499772965083 -0.026204680567766286 0.057430923939388805 -0.037579290180140341 -0.037657543724962522 0.055619349193712544 0.054594490044218451 -0.010921890292817428 -0.010425485547804845 0.067365635706137905 0.0079076400143054011 0.039043218417997926 -0.017543869020649531 -0.033536700817694533 0.046762229188742593 0.060181457611448212 0.00090297034957988436 0.040691999456181308 0.037505843321680624 -0.028121367815927934 0.037952300151356005 0.046261769726659741 -0.033541489956887847 0.044693576926867047 -0.052779532428177414 0.084538222650295924 0.047652182539701396 -0.035005770330617587
leaf_weight=3.3199333474040005 4.8905102761927983 207.55895250919275 64.841412795707583 1.0904446197673707 10.216596910730003 10.728793242014946 25.507725792936984 3.6337471394799641 1.3459657635539759 2.9590112697333106 1.3342625626828502 9.0791752785444242 3.5267521566711357 1.9066524796653532 0.52900297078303982 0.94925813446752716 30.979920668993145 24.391958072781563 3.075271259993313 2.4700043722987166 3.9802374765276909 1.2694272450171409 1.1986486315727232 4.1504439790733159 4.2247081981040537 1.7671513403765851 1.6227836697362361 3.8574652438983312 0.44338403595611453 3.4932706598192453
leaf_count=44 1169 59369 365 236 54 2209 4088 44 114 110 156 60 63 101 85 42 508 134 35 12 67 247 6 239 382 67 43 38 18 53
internal_value=-0.00399922 -0.0244488 0.0511055 0.0231088 0.00720151 -0.0415042 -0.0044698 -0.0225235 -0.00738675 0.0328106 0.0554199 0.0487606 0.0404135 -0.0457236 0.0069034 0.0124778 0.0493314 0.0562403 0.0143461 0.00723168 -0.0023905 0.019676 0.00871497 0.0329904 -0.0215083 -0.0338813 -0.00336119 0.0531873 0.0212716 -0.0202959
internal_weight=440.343 321.565 118.778 84.7872 58.1061 236.778 47.8895 32.5314 26.363 15.3581 113.887 12.0382 49.0459 210.415 10.6818 2.85591 38.3641 26.6811 15.6342 14.2882 11.8182 5.24966 2.28909 5.48471 5.1971 28.8977 3.38994 34.8374 0.972387 6.56854
internal_count=70158 67135 3023 4886 4510 62249 4456 4242 2737 214 1854 170 1489 59512 880 143 609 376 528 414 402 314 242 395 485 4198 110 546 103 88
is_linear=0
shrinkage=0.05


Tree=26
num_leaves=31
num_cat=0
split_feature=4 7 0 6 1 1 7 7 1 0 0 0 0 1 0 5 1 8 0 7 7 1 1 1 7 2 0 7 0 7
split_gain=188.708 94.8558 18.6442 17.2098 19.517 13.7679 10.2533 5.59292 7.22824 5.50672 3.22503 3.00068 4.0421 2.46912 2.32456 3.03771 2.23805 2.42301 3.53088 2.22201 4.94035 2.02257 2.42692 1.72298 1.44112 1.36269 1.32584 1.25665 1.23346 1.22074
threshold=1.0000000180025095e-35 2.2776388888888892 15125.000000000002 2.5000000000000004 2.7729406069869937 4.0376638141303909 0.055346931944444448 0.41152777777777783 1.9891286160466968 109250.00000000001 19875.000000000004 240300.00000000003 447175.00000000006 1.747067029386645 20075.000000000004 1.0000000180025095e-35 19.778839613637373 157.97120600351386 59425.000000000007 4.9784722222222237 4.3473611111111117 0.5904594779144553 0.43502375390089459 0.67578533382629702 168.37486111111113 1.0000000180025095e-35 21775.000000000004 20.139583333333338 194700.00000000003 1.656527777777778
decision_type=2 2 2 2 2 2 2 2 2 2 2 2 2 2 2 2 2 2 2 2 2 2 2 2 2 2 2 2 2 2
left_child=1 3 -2 4 6 14 10 -4 13 25 -1 -6 -13 23 -3 19 17 18 27 20 -16 22 -5 -9 29 -8 -21 -7 -19 -25
right_child=2 5 7 21 11 16 9 8 -10 -11 -12 12 -14 -15 15 -17 -18 28 -20 26 -22 -23 -24 24 -26 -27 -28 -29 -30 -31
leaf_value=-0.022746337246561353 -0.041277874579080831 -0.048643341432787285 0.064889519423220535 -0.032464297487076417 0.066223277863895133 -0.01882018005969097 -0.039097359419882079 -0.013578627101150986 0.052494741116554861 0.062187344888179868 0.034862284978469833 -0.014413549253226299 0.048352992275694257 -0.036402519579802166 -0.028501010365474696 -0.043584510633106137 0.029245440639124792 0.046912078889867592 -0.037198608777499753 0.0066941237550704295 0.09268991827888684 0.059581011750730807 0.040944277658099937 -0.018617130593450357 -0.021581240360109166 0.00026629885665185876 -0.029024784600451537 0.043713930240693692 -0.0053659363866433206 0.03666297365558524
leaf_weight=2.3789649326354256 4.607466565212234 128.89253419660963 63.182072058320045 1.1154765179380803 9.4191566051449644 0.50268410472199532 23.487462928751491 2.818949456093832 34.382200730964541 0.63125796662643452 9.8103904053568822 3.8164783420506847 5.0575043228454888 1.5537776448763896 1.293553536292168 51.663121670484543 4.5582705037668338 1.4756384799256914 7.0406807197723538 2.5183056974783566 0.39987928001210082 23.023053829558194 1.4609029586426912 0.50777319772168716 0.72100204881280738 2.4006560090929261 24.636072594672441 1.5632938046474008 1.7367660133168099 8.7948266849853081
leaf_count=125 1148 39103 368 199 189 52 3988 342 400 27 67 52 50 59 321 14683 215 21 917 691 89 148 26 27 50 18 5936 179 74 604
internal_value=-0.00342268 -0.0238779 0.0505217 0.021792 0.00617974 -0.0405717 -0.0139775 0.0546314 0.0403076 -0.0310707 0.0227468 0.0473467 0.0226328 0.00968255 -0.0440575 -0.0362091 0.00272271 -0.00855009 -0.0213059 -0.021983 0.0239048 0.0550162 0.00897065 0.0174852 0.0266606 -0.0355729 -0.0255921 0.0273227 0.0240841 0.0321314
internal_weight=425.45 308.882 116.568 82.6013 57.0019 226.281 38.7087 111.961 48.7785 26.5194 12.1894 18.2931 8.87398 14.3963 209.403 80.5109 16.8773 12.3191 9.10666 28.8478 1.69343 25.5994 2.57638 12.8426 10.0236 25.8881 27.1544 2.06598 3.2124 9.3026
internal_count=70168 67170 2998 4889 4516 62281 4225 1850 1482 4033 192 291 102 1082 60823 21720 1458 1243 1148 7037 410 373 225 1023 681 4006 6627 231 95 631
is_linear=0
shrinkage=0.05


Tree=27
num_leaves=31
num_cat=0
split_feature=4 7 3 0 0 0 6 2 7 0 6 7 3 2 8 0 0 0 0 7 8 7 0 0 7 7 7 7 7 0
split_gain=168.957 93.8648 21.2257 17.3438 14.9355 7.58218 6.7876 9.09659 9.72234 7.84311 5.55159 5.40078 23.7889 3.93917 3.57786 3.46118 2.9381 2.54172 5.85458 2.45347 2.18981 1.7844 1.56736 2.59935 1.31724 1.51634 1.26356 0.874114 0.813006 0.785594
threshold=1.0000000180025095e-35 2.2776388888888892 1.0000000180025095e-35 15125.000000000002 19875.000000000004 20825.000000000004 2.5000000000000004 1.0000000180025095e-35 0.13776479291666668 649650.00000000012 2.5000000000000004 0.41152777777777783 1.0000000180025095e-35 1.0000000180025095e-35 885.61210271637276 50225.000000000007 15275.000000000002 59425.000000000007 49375.000000000007 53.66180555555556 70.058000166246828 0.055346931944444448 109250.00000000001 240300.00000000003 27.254305555555558 12.138888888888891 3.0020833333333337 23.489444444444448 87.410833333333343 17225.000000000004
decision_type=2 2 2 2 2 2 2 2 2 2 2 2 2 2 2 2 2 2 2 2 2 2 2 2 2 2 2 2 2 2
left_child=1 4 14 -2 10 27 7 8 21 22 -1 -5 17 15 29 19 -12 18 24 -7 -15 -6 -10 -24 25 -13 -16 -4 -21 -3
right_child=3 2 5 11 6 13 -8 -9 9 -11 16 12 -14 20 26 -17 -18 -19 -20 28 -22 -23 23 -25 -26 -27 -28 -29 -30 -31
leaf_value=-0.031781511457562736 -0.040977849550597217 -0.049676250659986876 0.0058011694191036347 0.063328012315839496 0.042012299260186875 0.094408082809421409 0.057217157333516358 0.06351467774035105 -0.047418965952575359 0.049406894296321079 -0.025814440245200632 -0.021497348847997824 0.062525112635146193 -0.02579030057952077 0.031768297731778104 0.012635569938394979 0.051633872531090856 -0.041530795352635 0.061483840891448031 -0.019458342251992219 0.019955714443142591 0.0089282073782099916 0.03988918619726943 -0.03479247612208361 -0.033212037340815855 0.026502689764563395 -0.023376250745438327 -0.043381357268373437 0.029799900769384626 -0.04046754232478985
leaf_weight=13.478403341956438 4.4268491256516418 103.58632567408495 0.78093562508002179 61.261173224076629 12.633154585957529 2.4108913955278699 21.258924156427383 9.2118861079215986 8.9922476324718428 2.285871237050741 1.0573658365756267 2.3687796138692629 32.647580100223422 4.8011927944608033 1.5788584735710167 6.5332221537828445 2.9229459762573242 4.0140766594558945 2.0814415877684942 0.61466355947777607 3.8094863519072533 6.746381619013845 1.0424029338173562 1.7221109799575058 4.6806925965938717 2.2237271585036069 0.83480570558458556 6.3385288657154888 0.86583497049286962 86.621496442472562
leaf_count=2753 1142 33456 123 364 79 113 125 47 1396 23 238 211 190 604 41 80 15 237 79 37 33 75 63 61 536 218 105 1665 75 26040
internal_value=-0.00256474 -0.0222292 -0.0392332 0.0490817 0.0234203 0.0029359 0.0345092 0.0221343 0.00921513 -0.0215864 -0.0168321 0.0530686 0.0389542 0.0193532 -0.0449446 0.0386346 0.0300076 -0.0118781 0.00111773 0.0707772 -0.00558106 0.0314983 -0.0381806 -0.00351684 -0.0170979 0.00232769 0.0114349 -0.0379365 0.00974926 -0.0457161
internal_weight=413.832 300.128 218.776 113.704 81.3517 26.1548 63.893 42.6341 33.4222 14.0426 17.4587 109.277 48.0163 19.0353 192.621 10.4246 3.98031 15.3687 11.3546 3.89139 8.61068 19.3795 11.7568 2.76451 9.2732 4.59251 2.41366 7.11946 1.4805 190.208
internal_count=70224 67247 62372 2977 4875 2730 1869 1744 1697 1543 3006 1835 1471 942 59642 305 253 1281 1044 225 637 154 1520 124 965 429 146 1788 112 59496
is_linear=0
shrinkage=0.05


Tree=28
num_leaves=31
num_cat=0
split_feature=7 3 7 8 0 0 4 6 1 4 0 7 1 4 7 1 0 7 1 0 5 5 0 7 1 8 7 0 0 0
split_gain=160.755 110.867 19.5171 17.8067 10.7546 7.39594 6.36636 9.72249 6.68117 5.70967 4.66168 4.31692 4.31431 3.86357 3.38314 2.90062 2.82656 3.4367 2.72517 2.54017 1.90959 1.51044 1.44357 1.29535 2.15491 1.08036 1.04726 0.988648 0.880678 3.98846
threshold=0.30074496361111119 1.0000000180025095e-35 716.72763888888892 1029.2557435972919 15125.000000000002 15575.000000000002 1.0000000180025095e-35 2.5000000000000004 1.8875203576783794 1.0000000180025095e-35 32675.000000000004 0.055346931944444448 2.2923196064754543 1.0000000180025095e-35 0.092348481944444463 1.6507458535928288 56725.000000000007 0.54069444444444459 0.94582964596854957 52225.000000000007 1.0000000180025095e-35 1.0000000180025095e-35 40775.000000000007 32.785972222222227 13.514263300784213 25.424228508076201 62.720833333333339 87625.000000000015 32275.000000000004 33075.000000000007
decision_type=2 2 2 2 2 2 2 2 2 2 2 2 2 2 2 2 2 2 2 2 2 2 2 2 2 2 2 2 2 2
left_child=4 3 5 9 -1 -3 7 8 11 28 -11 -6 -5 15 -10 18 19 -18 21 20 22 -7 -12 -17 26 -15 -25 -4 -2 -30
right_child=1 2 27 12 6 13 -8 -9 14 10 16 -13 -14 25 -16 23 17 -19 -20 -21 -22 -23 -24 24 -26 -27 -28 -29 29 -31
leaf_value=-0.037545584002063995 -0.047569851788496056 -0.034222070756930366 -0.038808166811810464 -0.019817426231080085 0.016113823842780914 0.048689909583700466 0.061414419335652948 0.059604666594532868 0.065278059981336456 -0.040142929510416696 0.048836077976555703 -0.03213815437916772 0.044609559962808493 0.067365572507701171 0.011971949635346337 0.050939285175561025 0.046249276582609189 -0.039868837947111012 -0.036719232280539964 0.068893266443570411 -0.030500097986490528 -0.018915385872211352 -0.0094691540708517936 -0.023498363355118995 0.047238193759670061 0.036179512479939821 0.016390371570541795 0.012768781901292436 0.029759686089273953 -0.039421535962142068
leaf_weight=2.9625541423447421 152.81776556372643 2.1139167696237555 7.5811619421001506 3.2142634489573521 9.8862442839890772 1.4669429194182186 57.482513099908829 22.761827051639557 6.346384294331072 8.7701402446255106 1.4949660873971864 7.10026055201888 6.7006199499592185 23.235497452318672 5.9237581789493561 10.088921189308168 0.63424257934093464 3.6135882013477385 2.1997537175193429 1.4723093560896812 1.4949389640241859 0.59464449435472477 1.3720394363626836 2.1171017084270707 2.8589481189846992 7.8309056237339965 2.5043691927567124 0.56796610122546543 1.4943690912332375 40.432531165890396
leaf_count=727 50786 473 1855 237 74 93 348 137 32 1805 58 210 73 120 67 89 4 247 141 39 158 63 44 36 13 40 66 46 413 11824
internal_value=-0.00337387 -0.0232444 0.0348562 -0.0397446 0.0470349 0.0455156 0.0496423 0.0357207 0.015783 -0.0427925 -0.0154615 -0.00472067 0.0238212 0.049278 0.0423845 0.030827 0.00769322 -0.0206477 -0.00523452 0.0283298 0.00434306 0.0293808 0.0257003 0.0393844 0.0196312 0.0608779 -0.00281223 -0.0342107 -0.0453458 -0.0363199
internal_weight=399.135 286.672 63.1601 223.512 112.464 55.011 109.501 52.0185 29.2566 213.597 18.8522 16.9865 9.91488 52.8971 12.2701 21.8307 10.0821 4.24783 4.26134 5.83425 4.36194 2.06159 2.86701 17.5693 7.48042 31.0664 4.62147 8.14913 194.745 41.9269
internal_count=70318 68723 3035 65688 1595 1134 868 520 383 65378 2355 284 310 661 99 501 550 251 297 299 260 156 102 204 115 160 102 1901 63023 12237
is_linear=0
shrinkage=0.05


Tree=29
num_leaves=31
num_cat=0
split_feature=4 7 3 6 0 2 7 0 7 7 3 0 8 7 8 0 8 0 7 7 0 0 0 0 0 7 0 7 7 0
split_gain=151.929 80.8685 16.0329 15.1314 14.9992 12.0327 11.0769 9.1112 6.24824 5.95319 21.9029 4.88096 3.8956 3.72643 2.27174 3.1989 2.25016 2.17683 1.96314 2.31068 1.24722 1.15711 4.43599 1.02692 1.87912 1.86157 0.762785 0.75217 0.733218 0.711094
threshold=1.0000000180025095e-35 2.2776388888888892 1.0000000180025095e-35 2.5000000000000004 15125.000000000002 1.0000000180025095e-35 0.092348481944444463 649650.00000000012 113.20180555555557 0.41152777777777783 1.0000000180025095e-35 19875.000000000004 885.61210271637276 157.31652777777779 39.619204318802318 15575.000000000002 1692.0568814222668 50225.000000000007 26.143055555555559 49.794722222222227 240300.00000000003 56725.000000000007 54275.000000000007 10675.000000000002 9025.0000000000018 1.496388888888889 40275.000000000007 0.13776479291666668 1.9697222222222226 17225.000000000004
decision_type=2 2 2 2 2 2 2 2 2 2 2 2 2 2 2 2 2 2 2 2 2 2 2 2 2 2 2 2 2 2
left_child=1 3 12 5 -2 6 11 23 14 -6 13 -1 29 21 15 -4 -14 18 -17 -20 -10 22 26 24 -8 -26 -11 -5 -27 -3
right_child=4 2 8 27 9 -7 7 -9 20 10 -12 -13 16 -15 -16 17 -18 -19 19 -21 -22 -23 -24 -25 25 28 -28 -29 -30 -31
leaf_value=-0.028682569365220859 -0.040371024237675142 -0.049611806915385193 -0.028992389203395835 0.056419922534732048 0.060683804498024851 0.050920715420790387 -0.028394676953814021 0.051382162761688714 -0.039169724402305886 -0.030671125585095937 0.057471285663082489 0.031824816558173916 0.035786974310281446 0.053010455107605381 -0.01243110082001405 0.092164759187156997 -0.034047540199319375 0.013919776828355594 -0.026340238685077663 0.047810828426680892 0.0047355795081981521 -0.041627585335543643 0.065098303884176797 -0.044114282108864172 -0.018013069053249311 0.083806642916584087 -0.0002603435090914771 0.020854101081152973 -0.0058707574201206994 -0.04021551617479488
leaf_weight=3.2916994797997203 4.1022819923236957 93.68529683095403 1.3537879232317234 20.655326261650774 59.422477858141065 10.540360164828597 3.602550315205014 2.3194097187370053 7.8886111243627948 6.4177799741737473 33.351756062358618 16.497767079621553 1.9352005363907658 0.91672428441234011 4.0205798251554361 1.7912624916061739 0.94496629224158812 5.7221542671322823 0.96344292769208584 1.5346846245229242 1.7322369860485194 4.068686005193741 0.71347890514880496 17.541776296216995 0.56037109834142018 0.1208865474909544 2.8797309827059507 3.2977125849574795 0.13257843651808798 79.487067923648283
leaf_count=220 1148 33331 328 273 378 55 1172 21 2025 801 198 109 107 67 51 93 42 67 58 107 12 256 18 2635 180 41 143 95 44 25947
internal_value=-0.00285006 -0.0225472 -0.0393008 0.0202855 0.0461453 0.00544001 -0.00632699 -0.0284404 -0.00175278 0.0497794 0.0354192 0.0208647 -0.0445942 -0.0141512 0.0176762 0.028471 0.0100049 0.0381686 0.0617697 0.0198586 -0.031563 -0.0217494 -0.0106237 -0.0387428 -0.0132019 0.0326279 -0.0221919 0.0525554 0.0696379 -0.0455545
internal_weight=391.493 279.62 201.059 78.5604 111.873 54.6074 44.067 24.2776 25.0068 107.771 48.3482 19.7895 176.053 14.9964 15.3859 11.3653 2.88017 10.0115 4.28939 2.49813 9.62085 14.0797 10.011 21.9582 4.41639 0.813836 9.29751 23.953 0.253465 173.172
internal_count=70022 67013 62168 4845 3009 4477 4422 4093 2741 1861 1483 329 59427 1285 704 653 149 325 258 165 2037 1218 962 4072 1437 265 944 368 85 59278
is_linear=0
shrinkage=0.05


Tree=30
num_leaves=31
num_cat=0
split_feature=7 3 0 7 7 0 1 0 1 7 0 1 6 1 5 7 8 8 7 7 7 8 0 0 5 0 0 5 0 0
split_gain=143.019 82.991 17.47 17.3333 9.63008 11.5201 6.44612 5.55978 5.18104 4.18527 3.49644 3.47726 3.03038 4.576 7.47975 3.29424 2.89049 2.82556 2.63848 2.21411 2.16608 2.1206 1.59476 1.91983 1.51813 1.41505 1.17024 1.10517 2.52552 3.02989
threshold=2.2776388888888892 1.0000000180025095e-35 15125.000000000002 716.72763888888892 0.19925014750000003 57975.000000000007 3.1968853820598011 56725.000000000007 0.78246623516497893 3.0020833333333337 32275.000000000004 1.9891286160466968 2.5000000000000004 2.4241311361138176 1.0000000180025095e-35 0.055346931944444448 44.084513702993377 4335.9062857428316 48.38944444444445 0.02546343388888889 0.092348481944444463 3036.2759329309333 17225.000000000004 17525.000000000004 1.0000000180025095e-35 447175.00000000006 87625.000000000015 1.0000000180025095e-35 26975.000000000004 33075.000000000007
decision_type=2 2 2 2 2 2 2 2 2 2 2 2 2 2 2 2 2 2 2 2 2 2 2 2 2 2 2 2 2 2
left_child=2 6 -1 8 12 11 22 10 -3 -9 -8 27 13 14 -4 19 -10 25 -12 -16 -17 -13 -2 -24 -25 -7 -5 28 -6 -30
right_child=1 3 4 26 5 17 7 9 16 -11 18 21 -14 -15 15 20 -18 -19 -20 -21 -22 -23 23 24 -26 -27 -28 -29 29 -31
leaf_value=-0.029395264235777454 -0.04962393958247599 -0.018073882053518876 -0.022971018779693177 -0.044276791000562289 -0.039051992509032178 0.061367735425542295 -0.024093921010347644 0.027746835626082524 0.050099469808347147 -0.044000249145518651 0.095654702498505287 -0.0044505951034969618 0.059548425483909734 0.055859176045390459 0.020729563435281151 0.027354169791963895 0.018445531012005186 -0.0081104091660915614 -0.0007606850005602646 0.063095536204471947 -0.023547208893483287 0.065311030093875747 0.012889348853003213 -0.027437741711715088 -0.044438643645041305 0.020619572706745748 0.013052082290949618 -0.038619760145218951 0.063230693216784081 -0.01785355005948993
leaf_weight=8.4941810313612205 93.285634459694847 3.249970448203384 5.8058130396530059 7.0890545586589715 2.2032630185131001 10.544438312062992 0.92046619602478985 1.986050614155827 33.545026504900306 6.7657327072229236 1.3753535826690497 2.24254451948218 47.09461373090744 23.651605704799294 6.2049683611840054 3.9231113437563172 11.168257555924354 1.9798866785131402 0.98950714105740178 9.9618512727320194 2.6735361265018582 0.92375062406063069 1.3817362228874106 27.176148971542716 51.389374254504219 4.3123777678702035 0.55804996518418182 6.666584910126403 1.1009471882134678 1.8277872556354848
leaf_count=2556 34501 427 66 1862 276 319 255 33 573 1466 191 193 333 131 44 36 70 25 161 60 78 5 479 7438 17272 55 43 1047 62 146
internal_value=-0.00269284 -0.0259973 0.0374148 0.0272124 0.0419327 0.017262 -0.042029 -0.00609122 0.0383619 -0.0265429 0.0418705 -0.0142567 0.0495816 0.0396432 0.0247835 0.0374173 0.0427696 0.0445052 0.0670757 0.0489898 0.00634044 0.026693 -0.0444768 -0.0379322 -0.0389767 0.0515863 -0.0390676 -0.026473 -0.00696926 0.0209631
internal_weight=380.492 240.88 139.611 55.6104 131.117 31.8016 185.27 12.0371 47.9633 8.75178 3.28533 14.9649 99.3155 52.2209 28.5693 22.7635 44.7133 16.8367 2.36486 16.1668 6.59665 3.1663 173.233 79.9473 78.5655 14.8568 7.6471 11.7986 5.132 2.92873
internal_count=70203 64771 5432 2975 2876 2128 61796 2106 1070 1499 607 1729 748 415 284 218 643 399 352 104 114 198 59690 25189 24710 374 1905 1531 484 208
is_linear=0
shrinkage=0.05


Tree=31
num_leaves=31
num_cat=0
split_feature=7 4 0 1 1 4 6 1 6 5 0 1 0 5 0 7 0 0 1 1 0 0 8 7 1 0 0 8 0 8
split_gain=125.053 67.8123 16.8981 13.1781 11.4433 8.3955 8.75882 8.47818 5.60594 5.08465 4.56591 4.99466 3.63704 4.44005 3.29879 4.08454 2.86104 3.38757 3.81965 3.20584 2.89372 2.66407 2.44226 2.42655 3.03903 2.41134 1.7208 1.5796 1.48629 2.93089
threshold=2.2776388888888892 1.0000000180025095e-35 17825.000000000004 1.9891286160466968 7.0936826880311843 1.0000000180025095e-35 2.5000000000000004 1.8875203576783794 2.5000000000000004 1.0000000180025095e-35 47675.000000000007 3.6810950955523771 20075.000000000004 1.0000000180025095e-35 109250.00000000001 0.055346931944444448 59425.000000000007 31575.000000000004 1.3055605105640784 1.8875203576783794 32675.000000000004 15125.000000000002 2723.3047581695205 81.595000000000013 3.0202711957266133 16925.000000000004 21775.000000000004 54.959953956446519 649650.00000000012 70.058000166246828
decision_type=2 2 2 2 2 2 2 2 2 2 2 2 2 2 2 2 2 2 2 2 2 2 2 2 2 2 2 2 2 2
left_child=2 4 8 9 12 6 7 14 -1 25 -9 -12 -2 16 15 -4 17 26 -19 -20 -21 -10 -13 -22 -25 -3 -14 -5 29 -6
right_child=1 3 5 27 28 -7 -8 10 21 -11 11 22 13 -15 -16 -17 -18 18 19 20 23 -23 -24 24 -26 -27 -28 -29 -30 -31
leaf_value=-0.029242095163136989 -0.048208157042897902 -0.030352271103104046 0.012759710288279198 0.054512622322639807 -0.024980531173185438 0.056150211912849912 0.054613519890607559 0.070618878154372886 -0.024833619243223984 -0.039043073778824017 -0.025174199650483328 0.044962571328943983 0.0089278398486317932 -0.04237790149533735 0.061978794798101533 -0.030850327823170196 -0.044475036209559414 -0.022737189521175306 0.064493681786423437 0.070044865347423574 -0.039082910482584873 0.048949992232161926 -0.0019885123942475296 -0.024599726981874695 0.071223317712736586 0.025772421820348931 -0.03522310595177907 0.020644025912991609 0.030766350281150656 0.028133726246700543
leaf_weight=12.010680483421313 101.97089097672142 1.5156674843747193 8.5918211564421707 23.322445588186387 5.5016681940760446 53.763475332409143 21.0779839605093 5.8722420940175679 0.97831175476312537 6.2832660644780836 3.8655285937711623 10.691315774340181 2.385395919904119 43.547765860101208 0.60682957689277728 11.614211278269066 6.0193187850527456 4.4303946357686055 2.9056115648709238 0.2459631070960312 2.632584675680846 3.5140832215547562 3.5218927990645161 0.96102124685421564 0.59077268955297768 8.2995978174731118 8.9685807244386506 5.9874545056372872 3.5234798090532413 3.3400047777686268
leaf_count=2654 39095 393 60 324 657 427 140 189 231 1321 146 143 743 14965 17 1346 1308 1202 678 36 457 23 28 260 38 345 2736 58 104 73
internal_value=-0.00301402 -0.0252675 0.0348953 0.0290698 -0.0385448 0.0414001 0.0286959 0.0155653 -0.0119193 -0.00707921 0.0352493 0.0206614 -0.0418209 -0.0323278 -0.00766403 -0.0125796 -0.0164006 -0.00755064 0.0108705 0.0314599 0.00190796 0.0312861 0.0339626 -0.0148354 0.0254956 0.0151006 -0.0259754 0.0485033 0.00739657 -0.00409632
internal_weight=368.54 232.432 136.108 45.4084 187.023 119.605 65.8418 44.7638 16.5031 16.0985 23.951 18.0787 174.658 72.6874 20.8129 20.206 29.1396 23.1203 11.7663 7.33595 4.43034 4.49239 14.2132 4.18438 1.55179 9.81527 11.354 29.3099 12.3652 8.84167
internal_count=70197 64793 5404 2441 62352 2496 2069 1929 2908 2059 506 317 61518 22423 1423 1406 7458 6150 2671 1469 791 254 171 755 298 738 3479 382 834 730
is_linear=0
shrinkage=0.05


Tree=32
num_leaves=31
num_cat=0
split_feature=7 3 0 7 7 4 6 1 0 0 1 4 0 4 5 1 7 7 7 1 0 0 0 1 7 0 1 5 1 0
split_gain=124.174 80.4758 18.2675 16.0638 12.7627 7.69733 8.86549 6.12951 5.59114 3.96333 5.27065 3.8961 3.88504 2.68582 2.6079 2.12722 1.92487 3.92276 1.83362 2.86798 2.89041 1.87258 2.24468 1.71765 3.72567 1.70156 1.66207 1.40162 1.12152 1.09141
threshold=0.19925014750000003 1.0000000180025095e-35 31575.000000000004 716.72763888888892 3.0020833333333337 1.0000000180025095e-35 2.5000000000000004 1.8875203576783794 15575.000000000002 57975.000000000007 13.514263300784213 1.0000000180025095e-35 59425.000000000007 1.0000000180025095e-35 1.0000000180025095e-35 0.57237396684682984 0.055346931944444448 0.02546343388888889 4.9784722222222237 19.778839613637373 54275.000000000007 36425.000000000007 21775.000000000004 2.2426906786469485 89.951944444444464 31925.000000000004 0.43502375390089459 1.0000000180025095e-35 1.0904933816777802 87625.000000000015
decision_type=2 2 2 2 2 2 2 2 2 2 2 2 2 2 2 2 2 2 2 2 2 2 2 2 2 2 2 2 2 2
left_child=5 2 -2 8 9 6 7 14 -3 25 -11 -6 23 18 -1 26 17 -16 -10 20 21 22 27 24 -13 -4 -8 -20 -18 -5
right_child=1 3 4 29 11 -7 15 -9 13 10 -12 12 -14 -15 16 -17 28 -19 19 -21 -22 -23 -24 -25 -26 -27 -28 -29 -30 -31
leaf_value=-0.043510915257480839 -0.046241355278615413 -0.033126628822654533 0.037755560007244546 -0.043697733044762856 -0.036109267675986614 0.059163921092611538 -0.032006768602429417 0.037495323023771648 0.047700389915358819 0.0429520523768918 -0.03550244929795577 -0.02543353875097103 -0.037804720281893273 0.051669980507613726 -0.019368891992590266 0.057548344114079157 -0.039400800455355135 0.043560676785241628 0.062818538810121102 0.051356220865878079 -0.017286567495401872 0.054590925978675313 -0.022981704796882288 0.05514297064155238 0.062069560909717374 -0.023410773260963372 0.032387248519849886 -0.014589116546244736 0.0038931203526964067 0.01177270963813574
leaf_weight=3.2212502083275512 138.15676979557611 1.9194398885592807 0.44339279178530233 6.4400215661153188 34.547225996851921 48.438998118042946 0.90375607088208498 10.8728338801302 6.4140191567130413 12.745901015587149 1.7548241412732739 2.8970264238305377 2.9115428663790226 29.631228871643543 3.7469453946687263 19.977058007847518 2.4285609847866008 4.4308126606047153 0.76760703278705678 3.2686915174126616 6.8839877117425203 2.2624816559255123 2.5230081626214087 1.7682015001773832 0.76969760796055187 5.5922566298395395 1.1210345597937701 0.40591874066740274 2.3629943896085024 0.5868930872529744
leaf_count=133 52499 477 15 1831 11806 347 165 73 62 432 44 208 222 163 68 152 282 72 72 14 75 64 169 35 47 660 24 51 45 46
internal_value=-0.00299611 -0.0208816 -0.0360838 0.0290456 -0.0135854 0.0449128 0.0299428 0.0101248 0.0383151 0.0182379 0.0317799 -0.0288899 0.00165851 0.041518 -0.00936788 0.0528199 0.00162007 0.0157584 0.0265349 0.0158138 0.00371144 0.0269671 0.00203611 0.025389 0.00229908 -0.0141897 0.00256593 0.04165 -0.0210644 -0.0381753
internal_weight=360.194 262.69 201.587 61.1033 63.4301 97.5042 49.0652 27.0634 54.0764 20.5364 14.5007 42.8937 8.34647 52.1569 16.1906 22.0018 12.9693 8.17776 22.5257 16.1117 12.843 5.95902 3.69653 5.43493 3.66672 6.03565 2.02479 1.17353 4.79156 7.02691
internal_count=70353 68992 65968 3024 13469 1361 1014 673 1147 1151 476 12318 512 670 600 341 467 140 507 445 431 356 292 290 255 675 189 123 327 1877
is_linear=0
shrinkage=0.05


Tree=33
num_leaves=31
num_cat=0
split_feature=4 7 3 0 1 7 1 0 7 2 5 8 0 1 7 0 0 1 0 1 7 0 7 7 7 0 1 0 0 7
split_gain=113.044 66.789 17.9538 11.7058 11.2163 6.69075 7.28792 5.29249 4.15759 13.2286 5.29015 2.92113 2.78067 3.11676 2.44702 4.07559 3.06486 2.17763 1.87499 1.84282 1.72497 1.38234 1.28845 1.24891 1.67782 3.50344 2.15605 1.6003 1.25683 1.21003
threshold=1.0000000180025095e-35 2.2776388888888892 1.0000000180025095e-35 15125.000000000002 0.55393928790161717 0.41152777777777783 2.1455810265282591 20825.000000000004 0.13776479291666668 1.0000000180025095e-35 1.0000000180025095e-35 885.61210271637276 649650.00000000012 0.60910969473822518 113.20180555555557 50225.000000000007 298775.00000000006 19.778839613637373 138075.00000000003 2.3585153611338732 0.19925014750000003 6725.0000000000009 1.3712500000000003 1.656527777777778 32.785972222222227 40275.000000000007 1.2592738984043335 37325.000000000007 20825.000000000004 3.0020833333333337
decision_type=2 2 2 2 2 2 2 2 2 2 2 2 2 2 2 2 2 2 2 2 2 2 2 2 2 2 2 2 2 2
left_child=1 4 11 -2 -1 -5 23 19 10 12 -6 -3 13 22 15 -9 -17 -16 -13 -4 -15 -22 -10 -7 27 -26 -27 28 -25 -8
right_child=3 2 7 5 8 6 29 14 9 -11 -12 18 -14 20 17 16 -18 -19 -20 -21 21 -23 -24 24 25 26 -28 -29 -30 -31
leaf_value=-0.034478881092396371 -0.039072405282205694 -0.044678982646321544 -0.042706437281941012 0.057974038882088456 -0.0044634767345885498 -0.03382059995260104 0.0080647686428151743 0.060734865339298887 -0.011633711936544167 0.054616716334924632 0.043602461807520365 -0.030774724355051825 0.032336627536044722 -7.7929519905220999e-05 -0.030933521620346863 -0.018778557062775383 0.033180909143105522 0.028508850563352513 0.035622479285817188 0.031841654549345878 0.02029929053403208 -0.040633258762296398 0.075468095980657526 -0.0042686955067222938 -0.035721353387618802 0.057529923279898143 -0.0098854146196905926 -0.0019354283504068341 0.054609621580475332 0.048239483310450845
leaf_weight=7.9009425265248856 3.5133004896342745 145.90893507865258 5.6748446293640908 52.563245547935367 6.6585054334718725 1.072231315774842 2.4957936415448811 4.3024926581420031 0.30198470246978715 9.5652598291635531 33.362439159769565 0.92248214990831856 1.8038542512804259 4.2889285441488019 3.7036694185808292 5.2533157579600793 4.2289984822273254 1.3799771983176468 1.439392863307148 0.21745599433779705 0.42167050647549231 10.917682346422223 0.19526792201213539 1.0052297064103171 4.1586016584187746 1.4005274255760016 1.8575404612347481 3.5842304052785039 2.8627115662675351 25.807527740485966
leaf_count=1785 1146 59447 1768 377 73 47 34 195 102 47 324 118 22 107 661 69 20 8 29 14 158 2185 63 150 455 52 62 150 207 326
internal_value=-0.00211097 -0.0201952 -0.0372451 0.0424326 0.0188986 0.0457598 0.0302884 0.00210309 0.0255571 0.0100706 0.0356916 -0.0437862 -0.0153245 -0.0222329 0.015123 0.025575 0.00534946 -0.0127638 0.00824937 -0.0357345 -0.0274116 -0.0369059 0.0501303 0.00289279 0.00750471 -0.00884175 0.0257991 0.0228946 0.0415744 0.045093
internal_weight=348.769 248.448 173.032 100.321 75.4165 96.8076 44.2444 24.7608 67.5156 27.4946 40.0209 148.271 17.9294 16.1255 18.8685 13.7848 9.48231 5.08365 2.36188 5.8923 15.6283 11.3394 0.497253 15.9411 14.8688 7.41667 3.25807 7.45217 3.86794 28.3033
internal_count=70201 67195 62329 3006 4866 1860 1483 2735 3081 2684 397 59594 2637 2615 953 284 89 669 147 1782 2450 2343 165 1123 1076 569 114 507 357 360
is_linear=0
shrinkage=0.05


Tree=34
num_leaves=31
num_cat=0
split_feature=7 3 4 4 1 6 2 7 1 4 1 1 5 1 1 1 7 7 8 2 1 7 7 1 7 7 7 7 7 1
split_gain=111.428 68.5176 13.5929 12.0459 11.1098 8.84647 8.83161 6.19104 4.23669 4.17419 2.88606 2.94622 2.47697 1.9385 2.85832 1.86884 2.1032 3.19734 1.81608 1.75047 1.92953 1.73774 2.12732 1.48507 1.32912 1.25992 0.8592 0.814421 1.43939 0.843686
threshold=2.2776388888888892 1.0000000180025095e-35 1.0000000180025095e-35 1.0000000180025095e-35 0.55393928790161717 2.5000000000000004 1.0000000180025095e-35 0.13776479291666668 1.695958913690945 1.0000000180025095e-35 0.60910969473822518 5.5435667176802834 1.0000000180025095e-35 1.8875203576783794 9.7268567054966599 1.8875203576783794 0.02546343388888889 0.055346931944444448 1350.9051596970542 1.0000000180025095e-35 19.778839613637373 88.841527777777785 49.794722222222227 0.9745163276765052 157.31652777777779 1.3712500000000003 5.4612500000000006 27.254305555555558 12.138888888888891 3.4221855157369352
decision_type=2 2 2 2 2 2 2 2 2 2 2 2 2 2 2 2 2 2 2 2 2 2 2 2 2 2 2 2 2 2
left_child=2 9 4 8 -1 6 7 15 21 18 25 -12 24 -10 26 16 -6 -18 -2 -5 -21 22 -3 -24 27 -9 -15 28 -11 -29
right_child=1 3 -4 19 5 -7 -8 10 13 12 11 -13 -14 14 -16 -17 17 -19 -20 20 -22 -23 23 -25 -26 -27 -28 29 -30 -31
leaf_value=-0.035487591449517131 -0.044106279583252944 -0.023457470443707627 0.053493926182653709 0.054792475527456044 -0.021167925710933049 0.054378716058991916 0.053733049529058989 -0.011803135779021708 0.057866095179487265 -0.018935083120881911 -0.038527147097645098 0.0080031125148005474 -0.036631997465873339 0.018200864814084013 0.029072632961824142 0.035542672983479122 0.041902467993594067 -0.014145616327162588 0.0056571305238055074 -0.0027586126909082357 0.042725800373832029 -0.042332537145882032 0.060816386257544097 -0.015912992538155906 0.044731918419638111 0.073268976726823823 -0.020436777871409687 -0.028108362202235573 0.027700376815264008 0.019750836010864522
leaf_weight=7.1751117312815031 140.30221699294634 2.6684183750767283 54.134391710394993 19.790181503631175 3.8581960995215949 19.359058739850298 10.097732558846472 0.30778773524798353 1.2857205756008614 2.0267576684709603 10.84514143434353 4.3504169140942386 6.2685998207889488 0.97225321643054297 6.5845269015990198 9.318826584145425 5.0736082745715958 3.7050086876843125 1.6404766330961127 3.9535252517089265 4.3099233210086823 5.3416552415583283 0.79650873108766951 0.45242843334563076 0.56892143725417632 0.21654184116050601 6.2408691958989948 3.3599139382131402 2.7791838217526674 0.40661635622382153
leaf_count=1749 59623 338 537 129 46 159 51 107 84 151 2335 108 1413 9 38 56 49 99 74 76 25 1759 99 39 51 65 357 367 221 16
internal_value=-0.00195025 -0.0243711 0.034569 0.0248084 0.0202546 0.0266458 0.0145231 0.00289651 -0.00109228 -0.0408004 -0.0203255 -0.0255341 -0.0148372 0.0149648 0.00732676 0.0196843 0.0062409 0.0192199 -0.0434956 0.0465467 0.0230158 -0.026159 1.88863e-05 0.0383046 0.00224679 0.0483483 -0.0136469 -0.00495121 0.00815938 -0.019882
internal_weight=338.191 209.749 128.442 52.396 74.3074 67.1323 47.7733 37.6755 24.3424 157.353 15.7199 15.1956 15.41 15.0834 13.7976 21.9556 12.6368 8.77862 141.943 28.0536 8.26345 9.25901 3.91736 1.24894 9.14139 0.52433 7.21312 8.57247 4.80594 3.76653
internal_count=70230 64869 5361 2953 4824 3075 2916 2865 2723 61916 2615 2443 2219 488 404 250 194 148 59697 230 101 2235 476 138 806 172 366 755 372 383
is_linear=0
shrinkage=0.05


Tree=35
num_leaves=31
num_cat=0
split_feature=7 3 4 0 4 6 0 5 0 7 7 0 0 7 6 0 0 7 8 7 5 0 0 7 0 0 0 2 8 4
split_gain=101.783 65.923 15.5013 13.2955 6.9885 8.11062 6.03822 5.5422 6.5921 3.44225 4.7639 5.14698 4.63932 3.3931 3.29305 2.75739 3.8284 2.56952 2.4711 2.39682 3.12546 2.16022 3.1181 2.40514 2.08689 1.86311 1.47809 1.25187 1.05222 0.990443
threshold=2.2776388888888892 1.0000000180025095e-35 1.0000000180025095e-35 17825.000000000004 1.0000000180025095e-35 2.5000000000000004 32275.000000000004 1.0000000180025095e-35 59425.000000000007 0.95486111111111127 0.055346931944444448 649650.00000000012 57975.000000000007 113.20180555555557 2.5000000000000004 33075.000000000007 52225.000000000007 3.0020833333333337 1146.7097124840948 46.677500000000002 1.0000000180025095e-35 649650.00000000012 40275.000000000007 26.143055555555559 15125.000000000002 15575.000000000002 35925.000000000007 1.0000000180025095e-35 64.981587408829498 1.0000000180025095e-35
decision_type=2 2 2 2 2 2 2 2 2 2 2 2 2 2 2 2 2 2 2 2 2 2 2 2 2 2 2 2 2 2
left_child=3 6 13 14 5 9 -2 8 15 10 26 -12 18 19 -1 -8 29 -10 -11 21 -21 22 23 25 -16 -3 -5 -4 -29 -17
right_child=1 2 27 4 -6 -7 7 -9 17 12 11 -13 -14 -15 24 16 -18 -19 -20 20 -22 -23 -24 -25 -26 -27 -28 28 -30 -31
leaf_value=-0.024030383631483736 -0.046584391510622797 -0.017424405600544129 0.055042172742679779 0.04340737948793838 0.052994945804089123 0.054057487171258245 0.087518064916980706 -0.040772345945432616 0.01425547041853485 -0.034847869846612471 -0.021400107412014268 0.045972668577413361 0.057945296522707759 -0.029855046432243529 -0.023698234400611175 -0.017792818311870771 0.058360090634573772 -0.044538589481481761 0.03074125756491021 0.045090428300873286 -0.027810958684756359 0.038809279223543415 -0.036508313059715157 -0.02815419755774164 0.04401166368605626 0.061837571638444104 0.0092613969833886117 0.0038449185362034299 0.039260945380500949 0.015154352844672812
leaf_weight=11.089342236286027 111.53550911019556 0.52412697602995173 20.271199625916779 6.2862181290984172 50.002856446430087 18.257510542869568 0.45337947434745984 20.233390477485955 1.8589434579480419 2.2420131517574178 16.079012007918212 2.4331570640206328 7.3799138239119202 8.2617425436619651 0.89411028963513617 5.1859052951913309 2.1675944845192134 7.4889236954040825 1.6065712985582647 5.1550122261978677 1.1883844570256767 1.1509660482406623 5.7727377153933048 1.0228563025593755 2.7452414333820343 1.6554049546830354 6.8394092693924904 3.5363123728893715 5.1726935519836843 2.6913696713745594
leaf_count=2664 49812 126 133 42 443 138 122 7697 50 788 789 15 209 2055 233 1833 324 1954 41 174 126 5 68 109 21 89 38 71 31 88
internal_value=-0.0020849 -0.0237481 0.0235357 0.033166 0.0390438 0.0269616 -0.0405434 -0.0230073 -0.00380864 0.0144518 0.0055524 -0.0106427 0.0370224 -0.00555463 -0.0108441 0.0224324 0.0118369 -0.0325989 -0.00677476 0.0076466 0.0295056 -0.00746793 -0.0166982 0.0192022 0.0258543 0.0432915 0.0275301 0.0477182 0.0267574 -0.00609696
internal_weight=331.182 205.326 53.7114 125.855 111.127 61.1238 151.615 40.0795 19.8461 42.8663 31.6378 18.5122 11.2285 24.7312 14.7287 10.4982 10.0449 9.34787 3.84858 16.4695 6.3434 10.1261 8.97513 3.20239 3.63935 2.17953 13.1256 28.9802 8.70901 7.87727
internal_count=70288 64867 2987 5421 2503 2060 61880 12068 4371 1922 884 804 1038 2752 2918 2367 2245 2004 829 697 300 397 392 324 254 215 80 235 102 1921
is_linear=0
shrinkage=0.05


Tree=36
num_leaves=31
num_cat=0
split_feature=4 7 3 1 0 7 6 1 1 1 6 0 0 1 0 1 7 0 0 0 0 7 7 7 0 1 7 0 0 0
split_gain=92.0599 54.6752 15.2378 13.0106 9.59895 6.2908 6.2738 9.7552 5.39749 5.21575 5.17657 4.50174 2.81674 3.70794 2.35218 2.64162 2.53274 2.09634 2.04902 1.70899 4.50626 1.43095 1.5731 2.20739 2.14529 2.24102 1.32926 1.3226 1.29933 1.77097
threshold=1.0000000180025095e-35 3.0020833333333337 1.0000000180025095e-35 0.87878947992019973 15125.000000000002 0.41152777777777783 1.5000000000000002 2.7729406069869937 1.6507458535928288 2.1455810265282591 4.5000000000000009 109250.00000000001 47675.000000000007 1.9516747536927384 54275.000000000007 19.778839613637373 26.405972222222228 34225.000000000007 41925.000000000007 240300.00000000003 447175.00000000006 1.656527777777778 32.785972222222227 21.574722222222224 40275.000000000007 1.2592738984043335 3.0020833333333337 7325.0000000000009 20075.000000000004 21025.000000000004
decision_type=2 2 2 2 2 2 2 2 2 2 2 2 2 2 2 2 2 2 2 2 2 2 2 2 2 2 2 2 2 2
left_child=1 3 28 10 -2 -6 7 12 -4 21 11 -1 13 18 16 -16 -10 -18 27 -9 -21 -7 23 -23 -24 -26 -11 -5 -3 -30
right_child=4 2 8 6 5 9 -8 19 14 26 -12 -13 -14 -15 15 -17 17 -19 -20 20 -22 22 24 -25 25 -27 -28 -29 29 -31
leaf_value=-0.035207011275113935 -0.038138240245050477 -0.048784387864808841 -0.029856855322221244 0.030737731931923307 0.054664897851774634 -0.034675441625737567 0.048503471835588258 0.050692914725658192 0.079003957185114548 0.0038556405013909795 0.036917195541667135 0.067315704043054245 -0.041602431156941781 0.04288645217934868 -0.013996779854841405 0.034467391661108231 -0.029100139146534067 0.035989822920427204 0.029502281284354361 -0.019166889581593818 0.047396685724321652 -0.00045101063979211963 -0.027469761570650258 0.049961400461736791 0.052646522741231543 -0.013701793539341598 0.043393476260153593 -0.028305722468350475 0.0017731514036551127 -0.038106628333467667
leaf_weight=16.596152424812324 3.1638847060967228 74.947380386060104 8.6844106912612933 0.23819306818768637 47.154705919325352 1.0984182117972547 20.213878319598734 10.561584820970895 1.66763918660581 2.5344111872836974 2.5579206300899378 0.23304961435496707 4.8284785663709036 2.7969474534038445 7.1765827191993576 3.2930785212665796 1.2455964717082681 1.8308122188318519 1.3390479662921269 3.9189761043526214 4.5486977638211101 4.4487657856661809 4.2484052160289139 3.2091153755318373 1.4548470037989321 1.9813222838565705 25.566816703416407 8.3747059435117972 2.8565074659418306 48.869120918214321
leaf_count=3341 1121 36797 2225 95 370 49 159 220 36 36 92 4 322 193 179 16 90 193 90 60 55 342 445 168 52 67 334 1291 1238 20582
internal_value=-0.00231502 -0.0196077 -0.0369918 0.0147739 0.0387991 0.0418366 0.0267347 0.013744 -0.000334698 0.0273537 -0.0198731 -0.0300913 -0.0128077 0.000330665 0.0173195 0.00292296 0.0430511 0.00896212 -0.0144533 0.0376848 0.0178194 0.00454619 0.00930418 0.0240054 -0.0064232 0.0199248 0.0400826 -0.0236452 -0.0438507 -0.0359124
internal_weight=321.639 226.779 150.571 76.2076 94.8607 91.6968 56.8205 36.6066 23.8981 44.5421 19.3871 16.8292 17.5774 12.7489 15.2137 10.4697 4.74405 3.07641 9.95195 19.0293 8.46767 16.4409 15.3425 7.65788 7.68457 3.43617 28.1012 8.6129 126.673 51.7256
internal_count=70262 67278 61356 5922 2984 1863 2485 2326 2739 1493 3437 3345 1991 1669 514 195 319 283 1476 335 115 1123 1074 510 564 119 370 1386 58617 21820
is_linear=0
shrinkage=0.05


Tree=37
num_leaves=31
num_cat=0
split_feature=6 3 2 4 6 0 1 4 4 5 1 1 0 1 0 0 1 1 0 0 8 2 0 5 1 1 0 0 1 1
split_gain=82.1856 64.1919 13.6685 10.7946 12.1209 8.69034 6.48981 4.81237 4.23119 3.69095 3.01025 2.58487 2.55534 3.42163 2.09859 5.41445 4.13959 2.07596 1.8996 2.4831 4.57189 2.74446 1.89131 1.8217 1.67397 1.55919 1.36306 1.5972 1.19128 1.04303
threshold=1.0000000180025095e-35 1.0000000180025095e-35 1.0000000180025095e-35 1.0000000180025095e-35 2.5000000000000004 15575.000000000002 0.90400714076291344 1.0000000180025095e-35 1.0000000180025095e-35 1.0000000180025095e-35 2.1455810265282591 2.4241311361138176 59425.000000000007 1.1443275987643255 447175.00000000006 56725.000000000007 1.8875203576783794 0.57237396684682984 649650.00000000012 50225.000000000007 70.058000166246828 1.0000000180025095e-35 32675.000000000004 1.0000000180025095e-35 1.6104177053898876 0.43502375390089459 41925.000000000007 30525.000000000004 1.695958913690945 2.6625769853526839
decision_type=2 2 2 2 2 2 2 2 2 2 2 2 2 2 2 2 2 2 2 2 2 2 2 2 2 2 2 2 2 2
left_child=1 2 8 4 6 -3 -2 18 -1 12 -9 -4 13 -10 15 16 24 25 19 21 -21 23 -15 -7 26 -6 27 -8 -23 -17
right_child=3 5 11 -5 17 7 14 10 9 -11 -12 -13 -14 22 -16 29 -18 -19 -20 20 -22 28 -24 -25 -26 -27 -28 -29 -30 -31
leaf_value=-0.044682131994680671 -0.030285913853513865 -0.040214871941358254 -0.020055791046392032 0.050563349578661702 -0.031804717816051681 0.058791619997366124 0.013461800886416037 0.014435325849103828 -0.022946813255766467 -0.043347323599500324 0.053439592006282066 0.0383293229598482 -0.034941229508278111 -0.007695276918841836 0.044797156920352819 -0.04455898553123943 0.055804753237689089 0.05417083966876779 0.042698211076364567 -0.032807311571189761 0.023178144984656753 -0.032004029858132665 0.055042094038382942 0.00082094906299129519 -0.033467685314081785 0.030654530015518634 0.037879305046595112 -0.034162207436991603 0.020043161830566397 -0.0082935336951615642
leaf_weight=128.00166891654953 10.573405755450947 4.0148276630789033 1.8884452937636513 46.660273139830679 0.94530660565942781 3.9325136239640468 5.0516561886761391 7.6849619955755797 2.6428777137771231 6.1110522868111721 20.065849043428898 5.9796695224940777 2.1768223620019853 1.3263608536217359 3.6916396329179397 2.6062460164539498 5.4718186750542364 17.578693629708141 3.4122418388724318 7.0019611674360913 5.7593521997332573 1.7360936026088896 3.5825334377586842 1.9080607101786879 1.4020171617157746 1.0545248845592139 2.5776467842515558 1.4830192732624707 0.97744588484056283 5.7534898142330348
leaf_count=61524 1365 1474 178 435 204 198 361 59 484 1467 128 105 136 131 29 84 134 163 16 208 37 570 67 148 71 23 59 67 161 81
internal_value=-0.00309904 -0.0212547 -0.0381311 0.0328134 0.0179664 0.0239408 0.00141092 0.0295092 -0.0416496 -0.0159451 0.043516 0.0236348 0.00370372 0.0176265 0.0139956 0.00774196 0.0243097 0.0489605 0.0127096 0.00621061 -0.00769211 0.0255854 0.0396572 0.0427417 0.0044961 0.00037021 0.0130692 -0.000445836 -0.0129073 -0.0231525
internal_weight=313.052 208.203 151.709 104.85 58.1895 56.4933 38.6109 52.4785 143.841 15.8396 27.7508 7.86811 9.72859 7.55177 28.0375 24.3459 15.9862 19.5785 24.7277 21.3154 12.7613 8.55411 4.90889 5.84057 10.5143 1.99983 9.11232 6.53468 2.71354 8.35974
internal_count=70167 67091 64092 3076 2641 2999 2251 1525 63809 2285 187 283 818 682 886 857 692 390 1338 1322 245 1077 198 346 558 227 487 428 731 165
is_linear=0
shrinkage=0.05


Tree=38
num_leaves=31
num_cat=0
split_feature=4 7 3 1 0 7 1 6 0 6 1 0 0 0 0 8 7 1 0 0 7 1 7 1 0 0 7 7 1 0
split_gain=79.7804 45.5216 11.627 10.0811 8.63185 5.06656 6.44447 4.96495 4.94795 4.54003 6.13806 3.79153 3.20201 2.63535 2.89085 2.63063 2.53536 2.2821 2.00372 2.39021 2.15126 1.9404 3.01477 1.7942 1.75628 1.44232 1.59694 3.49062 2.64426 2.22461
threshold=1.0000000180025095e-35 3.0020833333333337 1.0000000180025095e-35 1.081672357659017 15125.000000000002 0.19925014750000003 1.9891286160466968 3.5000000000000004 20825.000000000004 2.5000000000000004 2.4241311361138176 109250.00000000001 240300.00000000003 649650.00000000012 36825.000000000007 885.61210271637276 0.092348481944444463 1.747067029386645 17225.000000000004 17525.000000000004 75.855833333333351 2.7729406069869937 88.841527777777785 1.204527691765066 649650.00000000012 52225.000000000007 45.615694444444451 21.574722222222224 1.5748939375216982 40275.000000000007
decision_type=2 2 2 2 2 2 2 2 2 2 2 2 2 2 2 2 2 2 2 2 2 2 2 2 2 2 2 2 2 2
left_child=1 3 18 7 -2 -6 17 11 -4 10 16 -1 15 14 21 -12 -5 25 -3 20 -20 22 -10 -18 -14 26 27 28 -7 -28
right_child=4 2 8 9 5 6 -8 -9 13 -11 12 -13 24 -15 -16 -17 23 -19 19 -21 -22 -23 -24 -25 -26 -27 29 -29 -30 -31
leaf_value=-0.028622789445402915 -0.037675328696338391 -0.04928388733160427 -0.04198854919441674 0.011280738309354374 0.053125766521682861 -0.032803494337199576 0.040141921351928553 0.027209853969833487 0.070426117581297396 0.051938067065071508 0.019610993840167477 0.062725626837166343 -0.0096957212371060839 0.048801176482420043 -0.013635953766329921 0.068922963000961263 0.01304907077498736 -0.041265684657220081 -0.021019401059534398 -0.035621393000579295 0.06805427669454632 -0.024018041987521204 -0.0098170143577608355 -0.039712077458582538 0.031458634630035197 0.031676975187804976 -0.041749919447562664 0.050096533491365981 0.045239115423849195 0.027350650780974178
leaf_weight=19.276422097231269 3.0138256193604311 60.932094932068139 5.0732524164486703 7.6187969590537232 38.936600662767887 3.4394494872540222 32.295769749209285 5.1497379844076923 2.2878478835336891 11.665225314907728 5.9887982935179043 0.27952427603304286 5.2514189605135453 2.5478478744626036 10.35826826142147 6.4236814165487885 1.5931981797330079 1.6942354417406011 0.7227501452434798 54.17803449020721 0.2703567931894213 0.67514333315193642 1.4784267230425032 5.5625430017244071 3.5405241567641497 3.6998729724436989 2.9760265813674782 2.49214569455944 0.49680671305395652 0.85252287611365307
leaf_count=3850 1156 32994 1784 64 334 295 423 182 119 105 269 6 88 12 399 42 267 57 356 25200 127 11 393 1014 29 116 353 203 18 43
internal_value=-0.00259955 -0.0194024 -0.0361034 0.0126303 0.0365951 0.0395708 0.0277026 -0.0129456 -0.00297867 0.0258861 0.0162633 -0.0243292 0.0329189 0.0100964 0.000766163 0.0483669 -0.00821241 0.00116487 -0.0424201 -0.0340972 0.0252079 0.0306879 0.0434762 -0.0278054 0.00839738 0.00873018 -0.00162583 0.0130619 -0.0157843 -0.0238852
internal_weight=300.771 210.874 138.524 72.3499 89.8973 86.8834 47.9468 24.7057 22.4208 47.6442 35.979 19.5559 21.2044 17.3475 14.7997 12.4125 14.7745 15.6511 116.103 55.1711 0.993107 4.44142 3.76627 7.15574 8.79194 13.9568 10.257 6.4284 3.93626 3.82855
internal_count=70309 67311 61395 5916 2998 1842 1508 4038 2718 1878 1773 3856 428 934 922 311 1345 1085 58677 25683 483 523 512 1281 117 1028 912 516 313 396
is_linear=0
shrinkage=0.05


Tree=39
num_leaves=31
num_cat=0
split_feature=0 7 3 7 5 7 0 1 1 6 4 7 0 0 1 5 7 0 1 7 1 8 7 4 1 1 7 0 5 4
split_gain=75.9647 31.0602 28.5271 14.7053 13.3688 4.53383 4.70663 6.18815 4.25269 3.54512 5.37531 3.50701 3.39368 3.32051 2.98685 5.80515 2.85016 3.71711 4.65938 3.3354 3.11681 2.26886 2.1679 2.05058 1.88041 1.69668 5.56957 4.04176 4.14026 1.90257
threshold=19875.000000000004 0.19925014750000003 1.0000000180025095e-35 0.19925014750000003 1.0000000180025095e-35 3.0020833333333337 59425.000000000007 4.0376638141303909 13.514263300784213 1.5000000000000002 1.0000000180025095e-35 716.72763888888892 28975.000000000004 15125.000000000002 4.6099034098427021 1.0000000180025095e-35 87.410833333333343 27525.000000000004 1.3958839162969146 162.34097222222223 0.67578533382629702 4999.4668230833131 39.132361111111116 1.0000000180025095e-35 2.3585153611338732 2.1455810265282591 56.068750000000001 55425.000000000007 1.0000000180025095e-35 1.0000000180025095e-35
decision_type=2 2 2 2 2 2 2 2 2 2 2 2 2 2 2 2 2 2 2 2 2 2 2 2 2 2 2 2 2 2
left_child=3 9 4 13 5 8 7 16 12 10 14 25 -3 -1 15 -2 22 -18 19 20 -19 -14 23 -7 -5 26 27 28 -4 -27
right_child=1 2 11 24 -6 6 -8 -9 -10 -11 -12 -13 21 -15 -16 -17 17 18 -20 -21 -22 -23 -24 -25 -26 29 -28 -29 -30 -31
leaf_value=-0.033084989273078284 -0.048193545597645694 -0.030762940633658704 0.076070498975467735 -0.047310488975247443 -0.037599872521964395 -0.018754094535640992 -0.043849196594267892 0.081365286047037869 -0.039485450073812926 0.052665479902935013 0.051632790956694423 -0.015936358676839565 0.045411488831654606 0.028485546012469578 0.039768931088813297 0.017574972435831986 -0.029369418984097458 -0.010014207686038074 -0.011083451348215262 -0.013394238613053368 0.14453390358532966 -0.0071940328904421397 -0.041886936460730134 0.027895967087328694 0.0075106947759844807 0.024402685878688726 -0.031641896687808306 -0.012805629261832048 -0.0060420890016908251 0.050904889527553912
leaf_weight=1.935194732621311 3.7715092026628563 1.3096898556686962 4.6876177014783007 79.998995451605879 39.599763745674863 5.3805898472201168 6.6510598766617468 1.2201181515119959 1.6464759518858034 37.783168978989124 13.331704646348951 3.2433462124317876 12.016377774532883 8.5697269337251765 5.0662257224321356 10.313994235359132 1.4130913882981975 0.24896702705882512 1.483504195930436 0.36172599205747236 0.79637561971321702 2.1356718696188173 4.8241710397414854 2.7373264692723751 1.3353064999682818 15.658245212398468 3.4749856202397487 2.6807878017425537 1.9123121774755416 18.390556782484055
leaf_count=603 54 228 88 42071 16460 2392 1951 121 37 367 77 656 472 97 21 123 622 90 323 121 238 28 1656 125 406 131 130 25 63 120
internal_value=-0.00173373 0.0153966 0.00101605 -0.0391976 -0.0171118 0.00252778 -0.0108635 0.00265961 0.021702 0.0419924 0.0283758 0.0304085 0.0302205 0.0152533 0.0104276 -0.00206243 -0.00706296 0.0246044 0.0517571 0.095091 0.120826 0.037522 -0.0186028 -0.00168962 -0.0463302 0.0338862 0.0164537 0.0357882 0.0546141 0.0397611
internal_weight=293.979 202.139 131.873 91.8392 81.8249 42.2251 25.1169 18.4659 17.1082 70.2666 32.4834 50.0479 15.4617 10.5049 19.1517 14.0855 17.2458 4.30366 2.89057 1.40707 1.04534 14.152 12.9421 8.11792 81.3343 46.8045 12.7557 9.28072 6.59993 34.0488
internal_count=69896 26719 26077 43177 24864 8404 7639 5688 765 642 275 1213 728 700 198 177 5567 1394 772 449 328 500 4173 2517 42477 557 306 176 151 251
is_linear=0
shrinkage=0.05


Tree=40
num_leaves=31
num_cat=0
split_feature=7 3 1 7 4 1 6 1 7 0 7 4 7 1 1 5 0 8 0 7 7 0 5 7 7 7 0 0 1 7
split_gain=67.4132 51.6851 14.4277 13.6237 5.64882 5.78946 6.05863 5.48988 5.43761 3.14709 3.14575 2.95995 2.9335 3.60226 2.68185 4.59791 2.57086 2.56388 2.42413 2.38688 3.45448 2.2869 2.94315 2.03116 1.95764 2.48858 1.66542 1.77614 1.44328 1.38354
threshold=0.19925014750000003 1.0000000180025095e-35 3.1968853820598011 716.72763888888892 1.0000000180025095e-35 0.46819551628404005 2.5000000000000004 13.514263300784213 1.8079166666666668 87625.000000000015 25.417361111111116 1.0000000180025095e-35 1.496388888888889 1.100014176353842 2.7729406069869937 1.0000000180025095e-35 17225.000000000004 4999.4668230833131 20225.000000000004 0.055346931944444448 0.02546343388888889 17525.000000000004 1.0000000180025095e-35 75.855833333333351 87.410833333333343 113.20180555555557 50225.000000000007 160850.00000000003 2.3585153611338732 53.66180555555556
decision_type=2 2 2 2 2 2 2 2 2 2 2 2 2 2 2 2 2 2 2 2 2 2 2 2 2 2 2 2 2 2
left_child=4 2 8 11 5 -1 14 10 9 12 17 18 13 -2 15 -7 -10 -4 28 20 -17 23 24 -18 -23 -26 29 -28 -3 -20
right_child=1 3 7 -5 -6 6 -8 -9 16 -11 -12 -13 -14 -15 -16 19 21 -19 26 -21 -22 22 -24 -25 25 -27 27 -29 -30 -31
leaf_value=-0.042815208219758032 -0.048989052820576251 -0.035464834710578819 0.038276498755452831 -0.043380255900600101 0.051372002006408714 -0.044508027373932807 0.052848820757214948 -0.043180919819491001 -0.049269851845980747 0.038308268282023945 -0.018318208940867681 0.044388938737374928 0.035611603684599695 0.0035311244614290738 0.036717628927318752 -0.0060649733443747045 -0.020673855704306365 -0.02317864754703481 0.055691027053581012 -0.013527379162747917 0.049882593509494505 -0.026339457583610261 -0.043196977371651062 0.065750102072519689 0.045407893128915008 -0.016462231986827142 -0.0082887700098732888 0.025262850103697367 0.031597022677123776 0.00317785654381711
leaf_weight=2.2081547360867253 6.5773929590359312 2.2271295611280979 11.558167600771416 5.8315735650248817 36.843967040069401 3.2665458482224539 14.566114842891691 3.3282630622852585 59.650719339726493 1.9830961464904238 3.5087744442280373 25.301403301768005 1.3285152715397988 5.5150320448447019 6.8595808595418921 4.3985959293786419 0.70254080719314416 1.2845598207786686 4.8114502080716219 4.6832484838087121 5.6136026964522898 16.934558200649921 35.092876213951968 0.29547939612530172 1.6148736665491004 3.3895923960953951 5.4649043232202521 10.236852943897246 0.22086433228105296 1.7607368712779132
leaf_count=458 1818 557 920 1925 342 82 159 457 34990 61 970 177 501 659 33 45 361 12 151 173 48 5725 17558 125 588 1204 82 53 15 115
internal_value=-0.00211658 -0.016974 -0.0319713 0.0238848 0.0371147 0.0235766 0.0282666 0.00765186 -0.0378439 -0.00920533 0.0198909 0.0324229 -0.0183956 -0.0265958 0.0123529 0.00160249 -0.0414835 0.0308992 0.0189268 0.0140348 0.0269847 -0.0327806 -0.0342056 0.0250147 -0.0185672 0.00773981 0.0241776 0.0137883 -0.0220052 0.0439
internal_weight=287.059 208.619 152.764 55.8549 78.4398 41.5958 39.3877 19.6798 133.085 15.404 16.3515 50.0233 13.4209 12.0924 24.8216 17.962 117.681 12.8427 24.7219 14.6954 10.0122 58.0299 57.0319 0.99802 21.939 5.00447 22.2739 15.7018 2.44799 6.57219
internal_count=70364 69024 65949 3075 1340 998 540 2359 63590 3039 1902 1150 2978 2477 381 348 60551 932 973 266 93 25561 25075 486 7517 1792 401 135 572 266
is_linear=0
shrinkage=0.05


Tree=41
num_leaves=31
num_cat=0
split_feature=0 4 6 1 6 1 3 6 0 2 8 0 8 0 0 2 0 1 8 0 0 6 0 0 1 1 6 1 6 6
split_gain=62.9971 34.2092 21.2797 14.1908 4.52092 4.41963 3.82798 4.93996 2.59549 2.18155 1.94623 4.39438 2.98945 2.88886 2.13057 1.43287 1.40046 3.55755 1.95909 1.36243 1.38877 1.34579 1.7205 2.18904 1.30778 1.27617 1.27461 1.45813 1.2462 1.02977
threshold=15575.000000000002 1.0000000180025095e-35 2.5000000000000004 2.7729406069869937 1.0000000180025095e-35 2.1455810265282591 1.0000000180025095e-35 1.5000000000000002 49375.000000000007 1.0000000180025095e-35 217.16070371010727 649650.00000000012 2776.4796999257233 59425.000000000007 160850.00000000003 1.0000000180025095e-35 34225.000000000007 1.8875203576783794 3036.2759329309333 24475.000000000004 20825.000000000004 1.0000000180025095e-35 47675.000000000007 42575.000000000007 1.856732052913461 1.7200943396226418 1.0000000180025095e-35 4.0376638141303909 1.0000000180025095e-35 6.5000000000000009
decision_type=2 2 2 2 2 2 2 2 2 2 2 2 2 2 2 2 2 2 2 2 2 2 2 2 2 2 2 2 2 2
left_child=29 2 3 6 5 15 7 9 16 21 11 13 -12 26 -15 25 18 -18 19 20 24 -2 23 -23 -8 -3 27 -5 -16 -1
right_child=1 4 -4 10 -6 -7 8 -9 -10 -11 12 -13 -14 14 28 -17 17 -19 -20 -21 -22 22 -24 -25 -26 -27 -28 -29 -30 -31
leaf_value=-0.046943476987027222 -0.036586023044342539 0.015449591305314521 0.048355390347992078 -0.020501003394725065 0.047306939578536239 0.035993655936304297 -0.031951737680791632 0.015497383410040519 -0.030493231881159835 0.012026857392402578 0.048484674805458761 0.041825538121740544 -0.0017613792379867585 -0.044766175192636051 -0.015825854220360005 -0.034797474824927052 0.070989183003170295 -0.024327528143509726 0.056064823664558297 -0.034389682509223411 0.037767703325436261 -0.01514823554697111 -0.045466663699292087 0.040464279905195168 0.032734417447704799 -0.016527228288988099 0.046317532787449621 0.027595863692145929 0.018142305305992593 0.013329422000894507
leaf_weight=61.382016609655693 50.823289556195959 10.560203544097016 15.626334890723227 2.3284700197400587 42.485096364980564 23.017230677418411 1.5993815530091509 5.6660350672900668 2.9187643346376708 2.3749356893822542 6.925752862589432 5.343096734257414 4.6164718652144074 3.9862680260557672 6.6833052079891768 1.3605902260169394 1.8363280193880203 0.88082410558126856 0.35163591802120198 2.0826398578938097 1.2612559867557136 10.749563928809946 3.1542874826118341 1.1049407522659738 0.20613617449998844 3.361744554247708 1.8891660762019453 2.0024924490135163 3.1962373349815607 0.31993376929312844
leaf_count=35875 27252 922 141 801 418 336 364 35 88 111 114 112 38 844 845 43 96 110 2 303 170 648 147 42 14 100 36 241 39 4
internal_value=-0.00223249 0.0104073 -0.00478106 -0.0119259 0.0360212 0.0226169 -0.0230916 -0.0271634 0.00392974 -0.03088 0.01368 0.00548867 0.02985 -0.00570253 -0.0180738 0.00149671 0.018137 0.0418581 0.00178403 -0.010437 0.0102858 -0.0325846 -0.0175961 -0.00722006 -0.015531 0.007138 0.020559 0.00274236 -0.00417899 -0.0464234
internal_weight=280.094 218.392 137.608 121.981 80.7849 38.2998 85.01 73.8731 11.137 68.207 36.9713 25.429 11.5422 20.0859 13.8658 15.2825 8.2182 2.71715 5.50105 5.14941 3.06677 65.8321 15.0088 11.8545 1.80552 13.9219 6.22013 4.33096 9.87954 61.702
internal_count=70291 34412 32593 32452 1819 1401 29382 28235 1147 28200 3070 2918 152 2806 1728 1065 1059 206 853 851 548 28089 837 690 378 1022 1078 1042 884 35879
is_linear=0
shrinkage=0.05


Tree=42
num_leaves=31
num_cat=0
split_feature=0 4 7 3 6 7 1 1 7 7 7 0 1 0 7 7 7 0 0 7 7 7 0 0 0 0 0 6 3 1
split_gain=62.1851 32.7582 24.7848 9.1832 7.94756 5.148 4.88872 4.4944 3.32659 3.32555 3.4536 2.79776 2.68513 2.49103 2.32192 3.79503 2.28883 2.25135 2.03109 1.53174 1.48514 2.10356 3.2708 1.98197 1.12445 2.17852 2.67105 1.10572 1.09152 1.17655
threshold=15575.000000000002 1.0000000180025095e-35 4.9784722222222237 1.0000000180025095e-35 2.5000000000000004 0.41152777777777783 2.6625769853526839 1.9891286160466968 113.20180555555557 4.3473611111111117 0.055346931944444448 109250.00000000001 1.7200943396226418 240300.00000000003 1.656527777777778 1.496388888888889 14.076666666666668 447175.00000000006 447175.00000000006 3.5556944444444447 21.574722222222224 29.660138888888891 40275.000000000007 34625.000000000007 54275.000000000007 36425.000000000007 21775.000000000004 6.5000000000000009 1.0000000180025095e-35 2.0652914592683032
decision_type=2 2 2 2 2 2 2 2 2 2 2 2 2 2 2 2 2 2 2 2 2 2 2 2 2 2 2 2 2 2
left_child=14 2 4 -4 6 -3 9 12 16 10 -2 28 20 -8 15 27 -5 -15 -10 -9 -7 23 -23 -22 25 26 -18 -1 29 -12
right_child=1 5 3 8 -6 7 13 19 18 -11 11 -13 -14 17 -16 -17 24 -19 -20 -21 21 22 -24 -25 -26 -27 -28 -29 -30 -31
leaf_value=-0.033878429189002503 0.011754135178028705 0.049229138339243084 -0.03537101917307367 -0.026757271544960649 0.049759182968371979 -0.012933244251766202 0.041763550057092425 -0.0026477166196867061 -0.04200060139293682 0.062683385084433468 -0.036227287378958792 0.048229568949979741 -0.044933614951111672 -0.018202693254585539 -0.049178488644422036 0.068514442973887729 0.053149342725271123 0.025934331733435054 0.020609857451760756 0.038209113195532288 0.080636677253519404 -0.02430202868823915 0.04128011985112548 -0.006806490849715241 0.0093123273890469583 0.06876729193417537 -0.021274762036414055 0.019344718676331044 0.0057258133124431171 0.0017066497439067814
leaf_weight=5.0070993676781645 12.42268923297525 40.357122967019677 49.913079605204985 1.7533437577076281 14.479367554187773 4.1526804582681489 11.223891875706615 2.3852069368585971 3.8780636893352485 0.77095126267522474 12.601634641643619 0.45335016411263396 1.7829063152894367 4.2097776344744471 53.281017934670672 0.26541133318096388 0.93072976684197639 5.6059963253792375 1.0776170566678045 24.327555214054883 1.1532809627242384 3.573156257160008 2.260920035187155 0.71988067752681661 7.2548710778355598 2.2592718135565519 2.2741702347993851 0.49416450643911947 2.0448069223202756 2.3026488989125928
leaf_count=1975 87 381 27089 40 139 337 324 39 959 364 2774 39 68 92 33705 124 87 74 6 353 86 424 94 43 70 45 109 5 38 226
internal_value=-0.000887256 0.0115684 -0.00348961 -0.0242052 0.0182737 0.0365729 0.0086671 0.0230318 0.00480853 -0.00413988 -0.00784468 -0.0217137 -0.000429265 0.0266339 -0.0459196 -0.0129913 0.016823 0.00707209 -0.0272114 0.0345971 0.00923493 0.0212928 0.00343487 0.0563585 0.024343 0.0397717 0.00783843 -0.0268574 -0.0261673 -0.0306278
internal_weight=275.217 216.169 135.456 69.3411 66.1151 80.7127 51.6357 40.3556 19.4281 30.5961 29.8251 17.4024 13.6428 21.0397 59.0477 5.76668 14.4724 9.81577 4.95568 26.7128 11.8599 7.70724 5.83408 1.87316 12.719 5.46417 3.2049 5.50126 16.9491 14.9043
internal_count=70196 34387 32562 28405 4157 1825 4018 1444 1316 3528 3164 3077 1052 490 35809 2104 351 166 965 392 984 647 518 129 311 241 196 1980 3038 3000
is_linear=0
shrinkage=0.05


Tree=43
num_leaves=31
num_cat=0
split_feature=0 4 6 8 2 6 3 6 1 0 5 0 0 0 1 6 8 0 0 8 1 8 1 1 0 2 1 1 1 0
split_gain=62.1037 29.9733 17.8625 8.14741 9.02208 6.90677 7.02877 3.9046 4.05611 2.29466 3.92763 4.37732 2.2772 2.23762 1.83859 1.79171 1.75801 1.46175 3.96669 1.44139 1.40782 1.25199 1.16059 1.12658 1.60926 0.904164 1.06277 1.62468 1.46536 0.729759
threshold=15575.000000000002 1.0000000180025095e-35 2.5000000000000004 217.16070371010727 1.0000000180025095e-35 1.0000000180025095e-35 1.0000000180025095e-35 1.0000000180025095e-35 1.9891286160466968 447175.00000000006 1.0000000180025095e-35 60875.000000000007 160850.00000000003 21375.000000000004 1.7200943396226418 6.5000000000000009 11.410946739892816 447175.00000000006 59425.000000000007 3117.8568602318633 1.0403592242169504 51.979481763690295 1.6507458535928288 1.1734311656277974 20825.000000000004 1.0000000180025095e-35 0.67578533382629702 0.83565609281928344 1.1443275987643255 16475.000000000004
decision_type=2 2 2 2 2 2 2 2 2 2 2 2 2 2 2 2 2 2 2 2 2 2 2 2 2 2 2 2 2 2
left_child=15 2 3 5 -5 6 -2 8 14 10 12 13 -7 29 25 -1 17 18 22 -6 -15 -10 23 24 -8 26 -3 -28 -29 -12
right_child=1 7 -4 4 19 9 16 -9 21 -11 11 -13 -14 20 -16 -17 -18 -19 -20 -21 -22 -23 -24 -25 -26 -27 27 28 -30 -31
leaf_value=-0.049255159097358753 -0.033389213982074624 -0.012280522408405733 0.046677101083695979 -0.047649819527290208 0.051274214051949034 -0.048132926969464189 -0.024231041028957234 0.046616402303495438 0.039785068338547065 0.038127259399573531 0.015332858835116868 -0.043670609626807771 0.0058787132973126179 0.00468610862326944 -0.035680009552659479 0.019107800859944783 -0.02331747993608678 0.040133348020549214 -0.041713198592235316 0.014338946507187842 0.039622292373756272 0.010639659829013923 0.031224701432910663 -0.029099977194689583 0.036030555530666704 -0.025441036180408372 0.05868007939229726 -0.022028662306611733 0.021413094139127432 -0.024545884204444892
leaf_weight=55.768993450910784 52.880667653749697 2.4289866187609706 14.367142520844935 2.9139117264421666 8.0822169929742795 4.6359060765244129 0.93203047756105872 37.618269174359739 20.378800414502624 3.3127494957298032 0.89552727423143297 2.2074215717148027 2.6820980915799737 4.5001144461566573 1.8724228765349824 0.48783644987270136 4.1885422221384934 2.2533098086714736 2.8013615445233873 5.1766386628150949 8.829467552714048 5.5444492911919943 5.4074669517576694 1.3485589651390908 1.881882407935336 0.79873310495168048 1.2407345809042434 1.9304313298780469 5.0312162167392671 2.5389307946898043
leaf_count=35759 29553 313 140 432 80 260 331 396 322 24 42 69 30 188 67 5 40 11 144 26 222 63 307 269 200 33 126 208 282 133
internal_value=-0.00219462 0.0104164 -0.00408058 -0.0106302 0.0214149 -0.0159057 -0.0242011 0.0350207 0.0230178 0.00431911 -0.0011821 0.0108839 -0.0300104 0.0201214 0.000399967 -0.048339 0.00200697 0.0102881 0.00225722 0.0388706 0.0289778 0.0341782 0.0178571 -0.00219319 0.0149507 0.00870537 0.0132375 0.0213075 0.00811308 -0.0130348
internal_weight=264.937 208.68 131.836 117.469 16.1728 101.296 71.6938 76.844 39.2258 29.6022 26.2895 18.9715 7.318 16.764 13.3025 56.2568 18.8132 14.6246 12.3713 13.2589 13.3296 25.9232 9.56994 4.16247 2.81391 11.4301 10.6314 8.20238 6.96165 3.43446
internal_count=70075 34311 32501 32361 538 31823 30855 1810 1414 968 944 654 290 585 1029 35764 1302 1262 1251 106 410 385 1107 800 531 962 929 616 490 175
is_linear=0
shrinkage=0.05


Tree=44
num_leaves=31
num_cat=0
split_feature=0 4 7 3 6 2 7 3 7 0 7 7 0 1 1 7 7 0 1 7 7 7 0 0 7 7 1 7 0 7
split_gain=53.278 27.4901 20.3292 8.5704 7.39308 8.56664 5.47175 7.25817 5.21006 7.35538 5.6816 2.733 2.77044 2.62256 2.61175 2.50759 3.68981 2.14117 2.14095 2.11944 1.8491 2.77441 1.81656 2.2731 1.57827 3.15076 1.85698 1.22493 1.16781 1.12904
threshold=15725.000000000002 1.0000000180025095e-35 4.9784722222222237 1.0000000180025095e-35 2.5000000000000004 1.0000000180025095e-35 0.19925014750000003 1.0000000180025095e-35 0.055346931944444448 649650.00000000012 4.3473611111111117 0.41152777777777783 56725.000000000007 19.778839613637373 1.3958839162969146 1.656527777777778 1.496388888888889 29275.000000000004 2.1455810265282591 0.02546343388888889 113.20180555555557 17.138750000000005 59425.000000000007 36425.000000000007 75.855833333333351 77.624027777777783 0.57697051053081505 48.38944444444445 21775.000000000004 49.794722222222227
decision_type=2 2 2 2 2 2 2 2 2 2 2 2 2 2 2 2 2 2 2 2 2 2 2 2 2 2 2 2 2 2
left_child=15 2 4 24 5 8 -3 11 19 10 -10 -8 14 20 -13 16 -1 -16 -9 -2 21 -5 23 28 -4 26 -26 -19 29 -23
right_child=1 6 3 13 -6 -7 7 18 9 -11 -12 12 -14 -15 17 -17 -18 27 -20 -21 -22 22 -24 -25 25 -27 -28 -29 -30 -31
leaf_value=-0.025418606131119736 -0.0056493596819747853 0.048846109867000262 -0.041263760341751589 -0.038249419606203039 0.046166158721341714 0.042328169793995174 0.026646045173801525 0.014828965721954194 -0.03765361256721883 0.046924317832567543 0.056155351418411076 -0.023708546720658457 -0.042093078204315473 0.04071370936567615 -0.026346387844053978 -0.049088213026663996 0.069131918426177205 0.049096385473133414 0.048670627047363163 0.030928920500072683 -0.031120052755982865 -0.014924275123832449 -0.007540573829292397 0.05715041037290413 0.089988892266737106 -0.024835312102398199 -0.013312750594295054 0.00011760102087076703 -0.019373873140385144 0.054648732973097164
leaf_weight=5.0750827247975385 6.1629047058522675 32.015657417476177 32.9571978461463 1.9375979406759167 14.152567371726034 11.28372537344694 5.3712247312068966 7.9217949062585857 19.14983618375846 2.6213739225640884 0.87900646810885419 4.5809451458044332 4.1957015546504399 2.9855702295899382 1.0793685195967553 48.881046573864296 0.2588712618453427 3.322456969646737 16.769357621669769 8.8791507035493851 3.7138006396125993 0.41476542782038306 4.2848672047257423 2.9654627572745085 0.071470409166066839 12.861238513723945 0.36200055596418679 1.8183679052162913 2.0846927636303008 0.43013460002839565
leaf_count=1972 46 334 19220 53 142 63 39 65 3409 32 397 748 254 14 110 34061 121 79 125 51 918 39 48 49 43 7355 213 61 104 43
internal_value=-0.00195099 0.00973352 -0.00447836 -0.0239129 0.015614 0.00603822 0.0331265 0.0211393 -0.0056389 -0.020434 -0.031062 -0.00109915 -0.0120808 0.00440369 0.00215645 -0.0455667 -0.0106398 0.0218505 0.0388128 0.0165244 -0.00445598 0.00546549 0.016463 0.0324734 -0.0352824 -0.0186055 0.0546146 0.0346124 -0.000692629 0.030918
internal_weight=259.487 205.272 128.197 65.0688 63.1286 48.976 77.0749 45.0592 37.6923 22.6502 20.0288 20.3681 14.9968 18.8169 10.8011 54.215 5.33395 6.22019 24.6912 15.0421 15.8313 12.1175 10.1799 5.89506 46.2519 13.2947 0.433471 5.14082 2.92959 0.8449
internal_count=70208 34054 32239 28099 4140 3998 1815 1481 3935 3838 3806 1291 1252 1268 998 36154 2093 250 190 97 1254 336 283 235 26831 7611 256 140 186 82
is_linear=0
shrinkage=0.05


Tree=45
num_leaves=31
num_cat=0
split_feature=0 4 7 3 6 7 0 3 7 7 1 1 7 8 0 7 7 7 7 7 1 0 1 0 0 1 7 0 1 0
split_gain=51.8095 25.5375 18.7011 8.48317 6.92811 5.84489 4.01019 3.72436 2.55808 3.46765 2.22953 3.58784 2.18187 1.96771 1.69309 2.73626 3.09113 1.52254 1.34539 3.11655 2.16508 5.5907 1.82502 1.54157 1.28973 1.92438 1.53585 2.2385 1.26268 2.32676
threshold=15575.000000000002 1.0000000180025095e-35 4.9784722222222237 1.0000000180025095e-35 2.5000000000000004 0.13776479291666668 52225.000000000007 1.0000000180025095e-35 1.656527777777778 1.496388888888889 2.4241311361138176 13.514263300784213 88.841527777777785 51.979481763690295 109250.00000000001 0.13776479291666668 4.3473611111111117 17.138750000000005 75.855833333333351 77.624027777777783 3.4221855157369352 45475.000000000007 0.57237396684682984 32275.000000000004 49375.000000000007 2.1942618162506644 53.66180555555556 27825.000000000004 3.6810950955523771 41925.000000000007
decision_type=2 2 2 2 2 2 2 2 2 2 2 2 2 2 2 2 2 2 2 2 2 2 2 2 2 2 2 2 2 2
left_child=8 2 4 18 7 -3 28 10 9 -1 14 -12 17 -8 15 -2 -17 -5 20 22 -4 23 -20 -22 25 26 27 -19 29 -7
right_child=1 5 3 12 -6 6 13 -9 -10 -11 11 -13 -14 -15 -16 16 -18 24 19 -21 21 -23 -24 -25 -26 -27 -28 -29 -30 -31
leaf_value=-0.024805374832698152 0.0025327118792654517 0.052161628016041142 -0.043420755356213835 -0.01617970933754918 0.046534878663976952 0.0089892590376623657 0.039299873379358571 0.041584405133174823 -0.049024129719627663 0.065944867713442601 0.023214647697958252 -0.036662401397111528 -0.017238374502074549 0.0055571612155041646 0.039268756374729839 -0.038716203646341624 0.037937528781826803 0.0036070447900789456 0.089339324297161224 -0.024451644471152504 -0.0089597287456732108 -0.035165604600446466 -0.01320779979901115 0.10163179982782285 0.008313938876506095 -0.0075732464305779002 0.00154777579135762 0.10332218021199834 0.035486960848320391 -0.031483079188407148
leaf_weight=4.9730387774761757 15.682891900185501 26.26673574000597 29.041426178999249 2.0616246066056219 13.332215063273905 13.643634585430851 24.64221683237702 5.7088845991529515 46.101928523974493 0.29340242827311147 15.711758586345242 2.0227333658840498 5.8576865375507614 5.6332682259380809 0.84422411199193348 8.9927276966627652 0.70486379473004568 0.85096423700451751 0.076457804534583285 12.654898911714552 0.21773261833004598 2.3333418780239299 0.3581482779700309 0.31859215418808162 6.3087323810905218 1.138755523599684 0.9134435444138943 1.2443143511191008 1.7613750956952561 3.6888660436961791
leaf_count=1978 156 296 18231 54 140 932 410 63 33787 126 505 58 988 70 33 2850 346 69 42 7426 103 1028 215 103 63 22 54 38 18 116
internal_value=-0.000956945 0.0104849 -0.00329975 -0.0223041 0.0158678 0.0332596 0.0223669 0.00687993 -0.0452945 -0.0100328 0.00154825 0.0147929 0.00610776 0.0333999 -0.00762281 -0.010612 -0.0301191 0.0174996 -0.0337864 -0.0181449 -0.039456 0.00151986 0.0545319 0.0801265 0.0249727 0.0437745 0.06025 0.0770735 0.00408126 -0.000871922
internal_weight=253.381 202.013 126.376 63.3761 63.0003 75.6361 49.3694 49.6681 51.3684 5.26644 43.9592 17.7345 18.3755 30.2755 26.2247 25.3805 9.69759 12.5178 45.0006 13.0895 31.9111 2.86967 0.434606 0.536325 10.4562 4.14748 3.00872 2.09528 19.0939 17.3325
internal_count=70320 34429 32587 28436 4151 1842 1546 4011 35891 2104 3948 563 1288 480 3385 3352 3196 300 27148 7683 19465 1234 257 206 246 183 161 107 1066 1048
is_linear=0
shrinkage=0.05


Tree=46
num_leaves=31
num_cat=0
split_feature=0 7 3 1 7 6 4 1 7 7 4 7 1 7 0 4 0 0 1 1 0 1 7 7 0 0 6 8 8 7
split_gain=48.3624 24.7471 26.2082 6.79003 5.37037 4.56709 4.36493 3.87852 2.72196 3.35007 2.70103 2.41791 3.45277 2.14869 1.90972 1.86645 1.61229 1.50846 2.29894 1.63679 3.35104 2.60395 2.50813 1.45442 1.25442 1.13132 1.0429 1.08236 1.0167 1.36663
threshold=15575.000000000002 0.19925014750000003 1.0000000180025095e-35 3.1968853820598011 716.72763888888892 2.5000000000000004 1.0000000180025095e-35 13.514263300784213 1.656527777777778 1.496388888888889 1.0000000180025095e-35 0.055346931944444448 4.6099034098427021 20.379861111111115 240300.00000000003 1.0000000180025095e-35 109250.00000000001 29275.000000000004 2.4928740944053547 1.3958839162969146 38725.000000000007 2.1455810265282591 89.951944444444464 1.496388888888889 53275.000000000007 49375.000000000007 9.5000000000000018 4999.4668230833131 2487.9729876761248 3.0020833333333337
decision_type=2 2 2 2 2 2 2 2 2 2 2 2 2 2 2 2 2 2 2 2 2 2 2 2 2 2 2 2 2 2
left_child=8 5 3 10 15 6 11 13 9 -1 16 -2 -13 14 -5 -4 26 -12 19 22 -21 -22 -19 -18 25 -15 27 -3 29 -16
right_child=1 2 4 7 -6 -7 -8 -9 -10 -11 17 12 -14 24 28 -17 23 18 -20 20 21 -23 -24 -25 -26 -27 -28 -29 -30 -31
leaf_value=-0.02359481602059901 0.022066529721447087 -0.03624722117057242 0.01962961307086742 0.040964686209312429 -0.028600491231155115 0.051132458905538358 0.042565008606561969 -0.039721955410143339 -0.048961640810661927 0.065657773970090233 -0.030523263912395616 -0.028597260351449324 0.025133438113446357 -0.011649197249184878 0.03074691396339721 0.041459317346940722 0.046201826704870261 -0.02793287974597123 -0.036989868923037503 0.081178967641684932 -0.028846090463212556 0.042976596976737141 0.047854723939305954 -0.021708725876428484 -0.033927943098363431 0.044116668279348736 0.0091700552856113539 0.0084459092216583043 -0.025210407276295817 -0.023436957660537775
leaf_weight=4.7801639834651715 15.115739490836861 47.394639636739157 23.353160308906808 7.1891541706863844 3.3736508629517621 25.172447592020035 16.721394114196301 2.8155599028104907 43.908765494241379 0.29658557707443822 3.4966587903909376 6.6484111691825074 3.9654460996389389 1.5121925926068791 2.6156515737529848 21.672294445335865 0.5252942198421795 2.9743494801223265 1.6584929060190914 1.191922308411449 2.076101819518954 1.1401009019464252 0.52454304369166482 0.76484869490377605 2.0568226100876927 0.5200764772016554 0.98541054129600425 1.0431228528032068 1.4040998583659527 0.85804649197962124
leaf_count=1986 97 28145 514 485 865 327 142 450 33836 119 617 154 17 358 63 153 23 266 39 45 107 27 45 451 734 33 5 33 19 166
internal_value=-0.00103264 0.0099774 -0.00273246 -0.0197501 0.0261732 0.034307 0.0233828 0.00625906 -0.0450142 -0.00843395 -0.0274644 0.0097904 -0.00808731 0.0161206 0.0262097 0.0308095 -0.0326135 -0.00657578 0.0042386 0.0160683 0.0335012 0.00076864 -0.00845951 0.0140423 -0.0129524 0.0124645 -0.0340857 -0.0351334 0.00119345 0.0151157
internal_weight=247.755 198.77 131.146 82.7471 48.3991 67.6234 42.451 18.9716 48.9855 5.07675 63.7755 25.7296 10.6139 16.156 12.067 45.0255 50.7133 13.0622 9.56551 7.90702 4.40813 3.2162 3.49889 1.29014 4.08909 2.03227 49.4232 48.4378 4.8778 3.4737
internal_count=70321 34380 33643 32111 1532 737 410 2308 35941 2105 29803 268 171 1858 733 667 28657 1146 529 490 179 134 311 474 1125 391 28183 28178 248 229
is_linear=0
shrinkage=0.05


Tree=47
num_leaves=31
num_cat=0
split_feature=0 7 5 7 1 3 0 1 0 3 7 0 0 5 0 7 7 7 4 8 0 1 1 7 1 4 7 7 7 7
split_gain=46.2146 19.2487 21.5948 7.12875 5.54689 4.33637 4.59819 5.02481 3.92723 3.70182 3.41507 3.84706 3.48625 3.23355 6.01856 2.59218 2.31149 2.25356 2.21994 2.20181 2.07655 1.94545 1.6984 1.95309 1.94304 1.58613 2.66093 4.32747 1.52599 1.52019
threshold=19875.000000000004 0.13776479291666668 1.0000000180025095e-35 1.656527777777778 1.9891286160466968 1.0000000180025095e-35 31225.000000000004 13.514263300784213 34625.000000000007 1.0000000180025095e-35 5.4612500000000006 52225.000000000007 59425.000000000007 1.0000000180025095e-35 363025.00000000006 716.72763888888892 1.496388888888889 0.19925014750000003 1.0000000180025095e-35 4335.9062857428316 21025.000000000004 2.2923196064754543 4.6099034098427021 89.951944444444464 2.0243905711506742 1.0000000180025095e-35 46.677500000000002 4.9784722222222237 21.81152777777778 15.782916666666669
decision_type=2 2 2 2 2 2 2 2 2 2 2 2 2 2 2 2 2 2 2 2 2 2 2 2 2 2 2 2 2 2
left_child=3 13 5 16 17 6 20 8 -8 -6 11 -10 22 14 -2 25 18 -4 -1 -13 28 -5 23 -12 -25 26 27 -7 29 -3
right_child=1 2 4 21 9 15 7 -9 10 -11 12 19 -14 -15 -16 -17 -18 -19 -20 -21 -22 -23 -24 24 -26 -27 -28 -29 -30 -31
leaf_value=-0.021077404114247598 -0.023084157682621443 -0.011765653735811295 0.0091243868188330881 -0.045706813715097216 -0.017168207693189587 0.036362473747069191 0.068933737810767171 -0.039871085354413333 -0.027447197190904056 0.036188753486859182 -0.016492001472760039 0.041273958944004298 -0.040419123534455738 0.044459679907687982 0.046878937206781532 -0.013381497007134919 0.058462149071913466 -0.042162016317499058 0.021354869300337514 -0.013168485920688151 -0.035533173312945109 0.012795825720159011 0.055587362454639966 0.05687607939051928 -0.020575558908832569 0.042470215119994346 0.04270114281319632 -0.019912047843413536 -0.018794070583218827 0.085354072028546363
leaf_weight=9.7447375020710698 5.390886163339017 0.30259632330853292 1.9679086050018693 52.633791051805019 8.6870709762442839 5.0081851892173308 2.6298067891038981 3.0651658992283037 2.1462222962873119 3.8928701579570761 4.7132606592494977 13.656199727091003 4.0354193977545947 39.681547760032117 5.0205943360924721 2.9333910124842069 0.38249271176755506 27.69830635539256 3.4119331638794401 1.651778242550791 7.2460748449666426 1.0614029517164443 0.78850334510207165 1.3206334075657649 0.6113579892553388 17.942964859306812 6.7503466946072868 6.9529707683250308 0.60024002939462662 0.10804464237298816
leaf_count=2256 53 109 47 40475 2931 40 609 421 266 46 1363 381 1475 446 44 672 155 13788 88 21 2969 417 39 342 94 132 125 103 321 48
internal_value=-0.00137362 0.0121878 0.00158495 -0.0362938 -0.0271039 0.016431 0.00520671 0.0132595 0.019487 0.000792141 0.0128377 0.0262078 -0.00797954 0.0380365 0.0118049 0.0281596 -0.00353744 -0.0385733 -0.00934223 0.0349522 -0.0263406 -0.0443376 0.0123348 0.000603098 0.0337088 0.0317512 0.0198392 0.0046379 0.0244546 0.0561803
internal_weight=242.037 174.802 124.709 67.2344 42.2462 82.4632 42.8753 34.6183 31.5532 12.5799 28.9234 17.4542 11.4692 50.093 10.4115 39.5879 13.5392 29.6662 13.1567 15.308 8.25696 53.6952 7.43376 6.64525 1.93199 36.6545 18.7115 11.9612 1.01088 0.410641
internal_count=70276 26885 26342 43391 16812 9530 8458 5011 4590 2977 3981 668 3313 543 97 1072 2499 13835 2344 402 3447 40892 1838 1799 436 400 268 143 478 157
is_linear=0
shrinkage=0.05


Tree=48
num_leaves=31
num_cat=0
split_feature=0 7 3 7 5 0 1 5 0 5 7 0 1 7 1 7 7 0 1 0 7 4 0 7 7 7 1 7 0 0
split_gain=43.7727 15.9491 16.2586 9.58081 8.42457 4.47881 3.83 3.10904 4.16645 2.94811 2.45624 2.85892 2.40564 3.19471 4.81976 2.90859 2.73364 2.5983 2.2607 2.21106 2.05402 1.75415 1.46121 2.46467 2.32466 1.45625 1.38097 1.30464 1.24652 1.17274
threshold=20425.000000000004 0.13776479291666668 1.0000000180025095e-35 1.656527777777778 1.0000000180025095e-35 27525.000000000004 13.514263300784213 1.0000000180025095e-35 363025.00000000006 1.0000000180025095e-35 0.30074496361111119 21025.000000000004 4.0376638141303909 87.410833333333343 1.3958839162969146 5.4612500000000006 162.34097222222223 240300.00000000003 0.67578533382629702 6625.0000000000009 716.72763888888892 1.0000000180025095e-35 10675.000000000002 0.19925014750000003 0.66319444444444453 0.30074496361111119 1.100014176353842 254.17638888888891 56725.000000000007 31925.000000000004
decision_type=2 2 2 2 2 2 2 2 2 2 2 2 2 2 2 2 2 2 2 2 2 2 2 2 2 2 2 2 2 2
left_child=3 7 4 9 5 -3 12 8 -2 -1 26 -12 13 15 16 29 18 -14 -15 -11 21 -4 24 -24 -21 -19 -6 -16 -9 -7
right_child=1 2 20 -5 10 6 -8 28 -10 19 11 -13 17 14 27 -17 -18 25 -20 22 -22 -23 23 -25 -26 -27 -28 -29 -30 -31
leaf_value=-0.037998318645660889 -0.016772460670159996 -0.036503849911156634 0.017270108312226223 -0.044757324489237485 -0.027156685532941323 0.042089062272024441 -0.036610996907799426 0.04643252170523858 0.042185239642514027 -0.030789510559700681 0.029758209431129785 -0.039398648728352012 0.049398078549254418 -0.0090626949486695228 -0.03147308982263837 -0.025015755539094277 -0.012969008845926423 0.030329095119882701 0.12532970374220614 -0.014068488350815722 -0.012171713966622257 0.038612109392828678 0.023382090094797681 -0.032879883850601116 0.096419090028266832 -0.012025165192656909 0.017169920669348571 0.033591419219720448 0.013505666062364335 0.0028357831613898825
leaf_weight=2.7814833794254783 5.6832158905453962 5.1660168991656965 22.038598757237196 52.562368126004003 1.8338815360330034 1.6615205381531319 3.1247091351542613 33.299832324497402 4.534750334918499 1.5928597996244214 0.87974218511954205 26.361568268970586 6.9718998859170807 0.21995632653124564 1.5377665687119586 8.6177806574851257 0.34500610514078278 2.4344819709658623 0.99095328315161169 0.39011456398293276 2.8113474019337437 21.419452391564846 7.930471343919633 1.5562549128662793 0.36571352824103087 4.0602487418800592 3.6247122888453305 0.18510210921522219 4.244337383657693 7.2566174401436001
leaf_count=652 51 2309 405 41753 45 119 417 377 42 758 573 15388 414 90 430 2995 126 20 292 186 618 157 143 586 212 378 70 36 49 533
internal_value=-0.00111481 0.0124436 0.00272845 -0.0349658 -0.0115744 0.0031401 0.0094231 0.0366031 0.0108211 0.000855796 -0.030256 -0.0361906 0.0145378 0.00347485 0.0422933 -0.00567337 0.0864763 0.0302151 0.10786 0.0122361 0.0257492 0.028421 0.0210706 0.0118973 0.0638582 0.00577931 0.000378893 -0.0147132 0.0431571 0.0136553
internal_weight=236.483 169.303 121.541 67.1793 75.272 42.5721 37.406 47.7621 10.218 14.6169 32.6999 27.2413 34.2813 20.8147 3.27878 17.5359 1.55592 13.4666 1.21091 11.8354 46.2694 43.4581 10.2426 9.48673 0.755828 6.49473 5.45859 1.72287 37.5442 8.91814
internal_count=70224 25934 25415 44290 24235 8159 5850 519 93 2537 16076 15961 5433 4621 974 3647 508 812 382 1885 1180 562 1127 729 398 398 115 466 426 652
is_linear=0
shrinkage=0.05


Tree=49
num_leaves=31
num_cat=0
split_feature=0 4 6 1 6 3 8 0 0 0 8 0 0 1 6 5 0 0 1 0 0 8 1 1 1 0 1 1 0 1
split_gain=40.3258 19.6974 12.5501 7.45817 3.51432 7.10112 3.04707 3.63679 5.48744 2.87535 2.71497 2.68318 3.20576 2.53665 1.68553 2.50027 1.9909 1.52039 1.50662 1.43575 1.43449 1.41908 2.1318 1.80689 1.3439 1.24074 1.54231 1.45995 1.11339 1.21474
threshold=15575.000000000002 1.0000000180025095e-35 2.5000000000000004 1.5932993232766222 1.0000000180025095e-35 1.0000000180025095e-35 217.16070371010727 649650.00000000012 59425.000000000007 160850.00000000003 3117.8568602318633 59425.000000000007 49375.000000000007 2.1455810265282591 1.0000000180025095e-35 1.0000000180025095e-35 31575.000000000004 31575.000000000004 1.6750292820551196 15875.000000000002 36825.000000000007 1502.0312290503152 1.3055605105640784 1.3958839162969146 0.90400714076291344 240300.00000000003 13.514263300784213 19.778839613637373 39225.000000000007 3.0202711957266133
decision_type=2 2 2 2 2 2 2 2 2 2 2 2 2 2 2 2 2 2 2 2 2 2 2 2 2 2 2 2 2 2
left_child=-1 2 3 14 5 11 7 8 17 -10 -8 12 -3 -7 15 16 -2 18 -5 -20 -18 22 -22 -24 -16 26 -11 -27 -19 -30
right_child=1 4 -4 6 -6 13 10 -9 9 25 -12 -13 -14 -15 24 -17 20 28 19 -21 21 -23 23 -25 -26 27 -28 -29 29 -31
leaf_value=-0.044809719602697959 -0.025549420226469773 -0.012086946594683698 0.043055489669760277 0.029097981193631297 0.041664246810244485 0.008188481721422558 0.042425985528991211 0.031877725311092509 -0.049255961980061685 0.037208854864157814 -0.0041484185943358228 -0.040828331608462276 0.044627485671716594 0.046266786443258656 -0.023265654903409767 -0.039028565935344602 0.037814089366395937 0.035850448949497848 0.039082511912186896 -0.02389409520541359 -0.037833087158805873 0.036345699942266087 0.064975208810390983 -0.018927169690784139 0.0047568436865485682 -0.029672907314717681 -0.025809163316974651 0.012892060557001379 -0.0064815331350875707 0.029647836395182633
leaf_weight=42.845126295462251 8.980076202657072 7.7257859773235378 11.858666218817232 1.2547315928386549 32.228514217305928 6.7030509449541595 7.1277638487517816 5.5605359482578924 7.6258417218923595 1.7546109664253884 4.8201845388393849 3.6803249781951299 2.498883318156004 15.013079047203062 6.8498442179989061 21.574218282243237 1.7763255980098609 4.7635374551173291 0.12112770380917925 6.504137052106671 2.889704762375914 0.52497379388660181 0.30316205113194872 0.59856527321971953 8.8005106120835972 5.9861249462701362 0.64851079671643663 2.1669564525363967 5.9342602589167637 2.5657842614455149
leaf_count=35753 4966 918 141 396 395 54 140 119 2055 274 42 240 72 127 374 15475 573 1181 46 2415 1071 14 111 251 331 468 63 165 1626 343
internal_value=-0.00159657 0.00839228 -0.00372809 -0.00915657 0.0297457 0.018119 0.00338801 -0.0027185 -0.00827951 -0.0277027 0.0247672 -0.00942044 0.0045149 0.0353912 -0.0225972 -0.0283782 -0.0116543 0.00891991 -0.00786937 -0.0177683 0.00954045 -0.0070191 -0.0193559 0.0286145 -0.00816873 -0.00921763 0.017616 -0.0181873 0.0187469 0.00639714
internal_weight=231.685 188.84 120.99 109.131 67.8496 35.6211 56.8341 44.8862 39.3256 18.182 11.9479 13.905 10.2247 21.7161 52.2974 36.647 15.0728 21.1436 7.88 6.62526 6.09273 4.31641 3.79143 0.901727 15.6504 10.5562 2.40312 8.15308 13.2636 8.50004
internal_count=70199 34446 32640 32499 1806 1411 9333 9151 9032 3025 182 1230 990 181 23166 22461 6986 6007 2857 2461 2020 1447 1433 362 705 970 337 633 3150 1969
is_linear=0
shrinkage=0.05


Tree=50
num_leaves=31
num_cat=0
split_feature=0 7 5 0 4 6 4 8 8 3 7 7 1 5 0 0 0 0 1 7 7 1 0 1 1 1 1 1 1 0
split_gain=38.9615 18.0862 19.3871 5.19182 5.0925 5.03015 4.60242 4.36877 3.27482 3.15741 2.9306 3.11209 2.40046 4.81224 2.3029 3.65383 3.57002 2.26985 2.15568 2.13269 2.12352 2.14521 1.91409 3.75286 2.67191 2.00658 1.77325 1.74149 3.31584 1.72077
threshold=15575.000000000002 0.19925014750000003 1.0000000180025095e-35 92825.000000000015 1.0000000180025095e-35 2.5000000000000004 1.0000000180025095e-35 157.97120600351386 44.959296728050845 1.0000000180025095e-35 1.656527777777778 1.496388888888889 4.6099034098427021 1.0000000180025095e-35 27525.000000000004 36425.000000000007 32275.000000000004 363025.00000000006 1.9891286160466968 0.055346931944444448 20.139583333333338 0.82411819018822141 54275.000000000007 19.778839613637373 1.6507458535928288 0.93814630809925625 2.2923196064754543 1.6104177053898876 1.3055605105640784 44025.000000000007
decision_type=2 2 2 2 2 2 2 2 2 2 2 2 2 2 2 2 2 2 2 2 2 2 2 2 2 2 2 2 2 2
left_child=10 5 4 18 7 6 12 9 -6 14 11 -1 13 -2 -3 16 -16 26 -4 -15 -18 -22 24 -24 25 -11 -9 28 -17 -30
right_child=1 2 3 -5 8 -7 -8 17 -10 22 -12 -13 -14 19 15 27 20 -19 -20 -21 21 -23 23 -25 -26 -27 -28 -29 29 -31
leaf_value=-0.021554474134041688 -0.046854852192714368 -0.043304687755332354 -0.039896321702477887 0.021133282600482778 0.035574473567075313 0.049927665261053883 0.040203850276755021 0.0016240939662804659 -0.0069144878554299825 0.027360187165884699 -0.048732580091821673 0.064503686828095305 0.034827100620250538 0.021278142503855943 -0.014549776112992935 -0.026285883970520708 -0.012772754070895016 -0.019765818512330832 -0.0093459982743351044 -0.014857589075469092 -0.010194221101347607 0.11164645324636698 -0.03391965769988467 0.028264608146112043 0.050089209983950146 -0.033686673715496211 0.042975759861935033 -0.038071678704248706 -0.012917016940380608 0.082944342853282435
leaf_weight=4.4035899760201564 3.6904796008020702 6.3173553255619508 31.290505935787223 4.0848068303894243 25.281006126198921 21.800790183246136 15.546151634305714 3.6248106170678502 5.1268405355513087 1.5574509038124218 36.43052189447917 0.30961155286058772 4.6652244105935088 11.761045610532166 1.7584022248629474 2.1471277649980025 0.34178601915482421 1.8153955561574537 7.9221536751138038 5.1637804727070025 0.25540175766218431 0.85514571494422853 4.6266371197998524 3.3088556975126266 3.8077716147527099 1.8782125260913742 8.8767392478184757 5.5314876405755058 0.33824006968643505 0.5039929075865075
leaf_count=1966 63 4425 18366 771 588 326 141 204 89 246 33667 116 21 74 974 1055 150 56 2681 112 122 357 168 16 250 465 107 2163 135 263
internal_value=-0.000660489 0.00923204 -0.00208012 -0.0285389 0.0127913 0.0308215 0.0196693 0.00241707 0.0284187 -0.00756655 -0.0440417 -0.0056005 0.00599242 -0.00184218 -0.0211956 -0.00682381 0.0325478 0.0245691 -0.0341101 0.0100393 0.0722513 0.0920721 0.00894787 -0.00772934 0.0259397 -0.00608366 0.0319942 -0.0235198 0.00620064 0.0583323
internal_weight=225.021 183.878 121.25 43.2975 77.9527 62.6275 40.8267 47.5448 30.4078 33.2279 41.1437 4.7132 25.2805 20.6153 18.0489 11.7316 3.21074 14.3169 39.2127 16.9248 1.45233 1.11055 15.1789 7.93549 7.24344 3.43566 12.5015 8.52085 2.98936 0.842233
internal_count=70137 34388 33651 21818 11833 737 411 11156 677 10789 35749 2082 270 249 9644 5219 1603 367 21047 186 629 479 1145 184 961 711 311 3616 1453 398
is_linear=0
shrinkage=0.05


Tree=51
num_leaves=31
num_cat=0
split_feature=0 4 7 3 7 1 2 8 7 7 0 7 7 1 7 7 3 0 1 0 1 2 0 0 0 1 5 8 0 0
split_gain=36.1271 18.4914 15.7099 6.61184 4.28643 4.25585 3.13411 5.63184 4.78978 7.17054 3.03583 2.67387 2.98905 2.50275 2.49951 3.08489 2.28151 2.43059 1.72288 1.75573 2.22795 1.61291 2.20624 2.46709 2.04247 1.59941 1.50753 1.41339 1.26262 1.07736
threshold=15575.000000000002 1.0000000180025095e-35 4.9784722222222237 1.0000000180025095e-35 0.092348481944444463 3.6810950955523771 1.0000000180025095e-35 490.10984318914399 0.19925014750000003 4.3473611111111117 649650.00000000012 1.656527777777778 1.496388888888889 19.778839613637373 75.855833333333351 77.624027777777783 1.0000000180025095e-35 29275.000000000004 2.4928740944053547 40775.000000000007 1.3958839162969146 1.0000000180025095e-35 36425.000000000007 54275.000000000007 21025.000000000004 0.57237396684682984 1.0000000180025095e-35 157.97120600351386 52225.000000000007 20825.000000000004
decision_type=2 2 2 2 2 2 2 2 2 2 2 2 2 2 2 2 2 2 2 2 2 2 2 2 2 2 2 2 2 2
left_child=11 2 6 14 -3 16 7 8 26 10 -10 12 -1 21 -4 25 17 -6 19 20 -19 22 24 -24 -5 -16 -2 -23 -21 -11
right_child=1 4 3 13 5 -7 -8 -9 9 29 -12 -13 -14 -15 15 -17 -18 18 -20 28 -22 27 23 -25 -26 -27 -28 -29 -30 -31
leaf_value=-0.022713532555488941 0.00088773014719668625 0.05040149250596522 -0.04275694243906885 0.025626030783834727 -0.032831323311855294 0.038223005957680821 0.036804829033438652 -0.052160609584081467 -0.037702425614559068 -0.0074523455789867691 0.025230012391062637 -0.048666352984021909 0.060830665939484413 0.04026827880428796 0.090220807631927177 -0.020413904243771597 0.025931737395729501 0.00010841014148523556 -0.018405615258972996 -0.022749714468594529 0.069178004642054411 -0.037367925308935596 0.051099389003007284 -0.0054802257724883311 -0.039013709926232279 -0.011458817037027981 0.027494204415082924 0.01115543720174542 0.015591283483723982 0.088712070508669527
leaf_weight=4.2554778860649085 6.6945997257716945 17.026503123342991 26.295870287925936 0.97162160486914784 3.9566368010127944 19.728577400557697 11.144040705636142 2.6338557206327087 9.420472792931827 0.17464188218582499 1.6119606625288732 34.824353279895149 0.3529281134251504 2.4850147478282443 0.06969915283843775 10.800502113648689 10.315083652269097 2.0017267658840852 3.8472989909350863 2.4548662635497749 1.8122301632538436 4.3865781541680908 2.7653243020176888 3.5914456723257899 2.8862914028577507 0.29674639983568341 26.363575366325676 1.5508836368098853 4.679778698598966 0.78911649668589234
leaf_count=1975 68 237 19428 112 618 272 66 219 3073 99 17 33836 124 12 42 7470 84 181 78 124 60 884 59 58 163 211 318 14 165 295
internal_value=-0.00129505 0.00822021 -0.00390836 -0.0226388 0.0291393 0.0208571 0.0140321 0.00806379 0.0126406 -0.0136205 -0.0271747 -0.0440364 -0.00660989 0.00171391 -0.0344835 -0.0130883 0.00819144 -0.00238566 0.007319 0.0171424 0.0404802 -0.00621959 0.0058985 0.0227333 -0.0208101 0.0597535 0.0222904 -0.0249124 0.00122412 0.076365
internal_weight=220.188 180.755 114.932 56.1 65.8227 48.7962 58.8323 47.6882 45.0544 11.9962 11.0324 39.4328 4.60841 18.6372 37.4628 11.1669 29.0676 18.7525 14.7959 10.9486 3.81396 16.1521 10.2147 6.35677 3.85791 0.366446 33.0582 5.93746 7.13464 0.963758
internal_count=70362 34427 32608 28453 1819 1582 4155 4089 3870 3484 3090 35935 2099 1302 27151 7723 1310 1226 608 530 241 1290 392 117 275 253 386 898 289 394
is_linear=0
shrinkage=0.05


Tree=52
num_leaves=31
num_cat=0
split_feature=0 6 4 1 3 0 0 0 0 0 8 8 8 0 6 1 1 0 0 6 8 1 1 0 1 5 3 0 0 0
split_gain=35.4312 15.1991 12.3169 6.18778 2.95384 2.75653 2.5734 2.12191 1.92508 1.76145 3.77049 2.72226 2.36889 2.33453 1.69779 1.50508 1.56028 1.75536 1.49486 1.40101 1.39016 1.55715 1.31774 1.04512 1.56998 1.00815 0.942352 0.889562 0.928695 1.70698
threshold=15575.000000000002 2.5000000000000004 1.0000000180025095e-35 2.6625769853526839 1.0000000180025095e-35 49375.000000000007 52225.000000000007 54275.000000000007 30175.000000000004 649650.00000000012 70.058000166246828 11.410946739892816 2776.4796999257233 447175.00000000006 1.0000000180025095e-35 1.6507458535928288 0.93814630809925625 20825.000000000004 56725.000000000007 6.5000000000000009 54.959953956446519 2.4241311361138176 1.5748939375216982 41925.000000000007 1.5179127020292336 1.0000000180025095e-35 1.0000000180025095e-35 32275.000000000004 21375.000000000004 22775.000000000004
decision_type=2 2 2 2 2 2 2 2 2 2 2 2 2 2 2 2 2 2 2 2 2 2 2 2 2 2 2 2 2 2
left_child=19 2 3 4 14 15 26 8 -5 10 13 -11 -12 -9 -2 16 17 -6 23 -1 21 22 -8 27 -25 -18 -4 28 -16 -30
right_child=1 -3 6 7 5 -7 20 9 -10 11 12 -13 -14 -15 18 -17 25 -19 -20 -21 -22 -23 -24 24 -26 -27 -28 -29 29 -31
leaf_value=-0.044874337936566963 -0.026483612088372174 0.047246100522070462 0.0021710238766173584 -0.0063814127523465396 -0.021314363749939377 -0.030130235922838228 0.03197313269433423 -0.032303916125145916 0.047599527835504814 0.045766246267987087 0.033733970778653165 -0.014017428146541187 -0.014872076788088065 0.014813471434018921 -0.016495506223417247 0.041403501860984911 -0.035302264388337508 0.047846518892082197 -0.036940081273623991 0.017805079854555747 0.0029558961393584757 0.042071584571339672 -0.0072579842295182814 0.04009159876601092 -0.015587163191884018 0.019574877162281876 0.023412608062605669 -0.026605647825165141 0.047747684062990021 -0.0038291305177925155
leaf_weight=37.294020575238392 36.247103687259369 21.689857073128223 16.32544293534011 2.0006512033287427 0.72615526372101014 2.6237971743103108 3.1904006570112022 9.4582990691997164 4.855218751821667 4.0754794380627564 6.7424078964395431 2.444678659318015 3.0121037475764751 2.8523977053118861 4.1182208420941659 3.6989813484251499 1.9891714309342208 1.5149590186774728 2.6899253851734093 0.41677070036530395 3.9673443040810517 20.723738284781575 3.7686650021933019 2.1291652815416451 1.4194398500258101 0.43297124397940923 6.8445200053974977 3.5293841739185146 1.2394871627911923 5.2049704929813743
leaf_count=35924 27161 335 1035 413 220 74 97 1772 707 87 149 46 29 115 232 255 471 89 101 4 64 307 66 82 33 49 63 127 51 256
internal_value=-0.000334264 0.0089757 0.00345185 -0.00674043 -0.0155378 0.0076284 0.0223804 0.00999677 0.0330399 0.00354017 -0.00343647 0.0244676 0.0187376 -0.0210941 -0.0200905 0.0214287 0.00107109 0.0257751 -0.00798521 -0.0437396 0.0314854 0.0353285 0.0124851 -0.00182521 0.0192897 -0.0226391 0.00915494 -0.00806809 -0.000108708 0.0111722
internal_weight=217.226 179.515 157.825 103.005 67.5637 10.986 54.8201 35.4412 6.85587 28.5854 22.0652 6.52016 9.75451 12.3107 56.5777 8.36224 4.66326 2.24111 20.3306 37.7108 31.6501 27.6828 6.95907 17.6407 3.54861 2.42214 23.17 14.0921 10.5627 6.44446
internal_count=70414 34486 34151 32519 29201 1158 1632 3318 1120 2198 2065 133 178 1887 28043 1084 829 309 882 35928 534 470 163 781 115 520 1098 666 539 307
is_linear=0
shrinkage=0.05


Tree=53
num_leaves=31
num_cat=0
split_feature=0 7 3 5 6 4 0 0 1 7 7 7 1 7 4 7 7 7 0 0 1 5 7 6 8 1 0 8 7 0
split_gain=33.8207 17.5626 18.2347 7.36433 5.58029 4.58734 3.58543 4.94358 2.87302 3.68392 2.75178 2.39815 2.36107 2.02805 1.97629 1.95382 3.21005 1.94628 1.8965 1.85112 1.66265 2.77141 1.60651 1.34478 1.25729 1.23612 1.43691 1.22739 1.70363 1.92834
threshold=15125.000000000002 0.19925014750000003 1.0000000180025095e-35 1.0000000180025095e-35 2.5000000000000004 1.0000000180025095e-35 27525.000000000004 34625.000000000007 13.514263300784213 5.4612500000000006 254.17638888888891 716.72763888888892 1.3697192400436193 87.410833333333343 1.0000000180025095e-35 1.656527777777778 1.496388888888889 27.254305555555558 52225.000000000007 447175.00000000006 4.6099034098427021 1.0000000180025095e-35 0.055346931944444448 8.5000000000000018 2487.9729876761248 0.60910969473822518 87625.000000000015 217.16070371010727 46.677500000000002 45475.000000000007
decision_type=2 2 2 2 2 2 2 2 2 2 2 2 2 2 2 2 2 2 2 2 2 2 2 2 2 2 2 2 2 2
left_child=15 4 3 6 5 20 -3 12 9 18 -11 14 13 -8 27 16 -1 -14 -9 24 21 -2 -23 25 -20 26 -5 28 29 -4
right_child=1 2 11 23 -6 -7 7 8 -10 10 -12 -13 17 -15 -16 -17 -18 -19 19 -21 -22 22 -24 -25 -26 -27 -28 -29 -30 -31
leaf_value=-0.027314316058799068 -0.035960113703611726 -0.030548258071537666 0.015749117601890329 -0.019145506167372758 0.05142743090185832 0.040537262160916555 -0.019586498411443918 -0.020330450857481475 -0.045491646091167966 -0.025488787069178294 0.049550004093592559 -0.015890555238924964 0.089905140849704274 0.052214923541195217 0.036571694642444939 -0.048493670413345652 0.06126756101105732 0.0025170364844712182 0.04528683963293044 -0.014817164279353446 0.028770608301191599 0.017583653326476646 -0.014084422056142061 0.011628459054246173 0.0027240157615576999 -0.040541241557722756 0.044952790192742592 0.034214273830333812 0.021628472763484886 -0.026764471276021575
leaf_weight=3.3523686424596231 3.5658381078392329 8.0708027167711389 3.9935845468426177 5.3039862421574062 20.531855583190918 14.229013200849293 2.0205459477147119 1.7709100497886598 2.6749802476260802 10.388524738023985 0.43937100749462921 3.1792042689630753 1.8862898562802004 0.46650926896836598 20.042696379125118 30.930600793915801 0.3476143586449324 0.89333008346147824 6.808882278390227 1.6383137389784668 4.9218158051371566 11.569991068914534 5.0007464708760372 1.0892969444394101 2.4028191214893013 27.377823603746947 0.053071618196554371 4.8476419122889629 8.8094805786386114 4.8743123766034842
leaf_count=1914 64 4970 157 4124 340 143 694 261 426 3242 46 884 210 200 156 32945 120 347 317 38 23 76 108 6 36 17997 25 37 268 58
internal_value=2.71205e-05 0.00884377 -0.00230605 -0.0176834 0.0307035 0.0188654 -0.0028196 0.00503273 -0.00437464 0.00198471 -0.0185121 0.0221793 0.0449472 0.00499325 0.0253221 -0.0444772 -0.00772703 0.0699165 0.0196376 0.0273263 0.00547599 -0.00130952 0.00776913 -0.0344454 0.0355385 -0.0362778 -0.0115391 0.0141831 0.00715228 -0.00796303
internal_weight=213.482 178.852 119.032 73.2855 59.8193 39.2874 39.4613 31.3905 26.1238 23.4488 10.8279 45.7469 5.26668 2.48706 42.5677 34.6306 3.69998 2.77962 12.6209 10.85 25.0584 20.1366 16.5707 33.8242 9.2117 32.7349 5.35706 22.525 17.6774 8.8679
internal_count=70232 35253 34499 32939 754 414 10787 5817 4366 3940 3288 1560 1451 894 676 34979 2034 557 652 391 271 248 184 22152 353 22146 4149 520 483 215
is_linear=0
shrinkage=0.05


Tree=54
num_leaves=31
num_cat=0
split_feature=0 7 3 6 0 1 2 4 4 7 7 7 7 7 1 7 7 0 7 1 0 1 1 0 7 7 1 7 7 1
split_gain=29.6484 16.8247 13.6287 5.38461 4.02896 3.75937 3.46993 3.46625 2.60356 2.41808 4.60208 2.08664 1.99082 3.1369 1.96461 2.11346 3.60487 2.02682 1.73685 1.71281 1.70172 1.55172 1.49799 1.75676 1.39919 2.98456 1.53408 1.24709 1.20323 1.08149
threshold=15125.000000000002 0.19925014750000003 1.0000000180025095e-35 1.5000000000000002 447175.00000000006 2.1455810265282591 1.0000000180025095e-35 1.0000000180025095e-35 1.0000000180025095e-35 0.02546343388888889 0.055346931944444448 157.31652777777779 1.656527777777778 1.496388888888889 0.93814630809925625 49.059166666666677 17.138750000000005 44775.000000000007 0.41152777777777783 3.4221855157369352 18125.000000000004 1.1639013424321558 2.2923196064754543 240300.00000000003 75.855833333333351 77.624027777777783 0.56323504077527631 113.20180555555557 0.092348481944444463 0.6513200745023654
decision_type=2 2 2 2 2 2 2 2 2 2 2 2 2 2 2 2 2 2 2 2 2 2 2 2 2 2 2 2 2 2
left_child=12 3 6 4 9 14 8 27 24 -2 -11 18 13 21 17 16 -16 20 -10 28 -4 -1 -8 -24 -3 26 -26 -7 -12 -5
right_child=1 2 5 29 -6 7 22 -9 11 10 19 -13 -14 -15 15 -17 -18 -19 -20 -21 -22 -23 23 -25 25 -27 -28 -29 -30 -31
leaf_value=-0.037883350079629161 -0.02507884006712649 -0.033006925379858269 -0.018837871579270069 0.015041368710828213 0.052220893545638684 0.016744352957526465 -0.021571874996918275 0.045676732986927475 0.016376413233185238 0.035165360269438874 0.00014566175096284478 0.043004626309941112 -0.048397720242424287 0.060719998540975643 -0.035290204919995273 -0.033307071507821889 0.02924101568686769 -0.028741740663868871 -0.019179273315834564 0.015836410642794924 0.049839876866515399 0.030772072796276296 0.039427354220958576 -0.0089930885569892774 0.089873543152467178 -0.018520667869569078 -0.011053352936678983 -0.017145030911263761 -0.036752092077009919 0.049236067866229805
leaf_weight=3.0293526962632313 4.312940923497087 34.210360945784487 0.58245709037874194 3.7977988831698921 4.7054834365844718 12.869075436145065 1.7689733020961265 13.17888481169939 3.7615666296333137 10.421628177165987 3.8303175037726742 1.0523185987258319 29.301737960777245 0.35423152055591334 2.4682725714519602 5.2307055328274146 4.8054858739487827 0.71587988734245289 12.446773300529456 3.9409668743610373 3.1891855744179338 0.23775334982201446 4.0080629133153707 2.4927376066334546 0.072352486371527358 10.094406272284685 0.28327761124819517 2.516129910130986 4.1961290370672941 22.553070299327374
leaf_count=1792 36 23548 194 44 42 113 119 124 33 61 46 65 32857 114 46 637 81 13 1187 29 159 133 50 65 43 7616 213 207 123 365
internal_value=-0.00141948 0.00690193 -0.00412631 0.0286965 0.0140193 0.0169492 -0.0178509 0.0277225 -0.0218867 0.00564528 0.0123831 -0.00501969 -0.0441842 -0.00699542 -0.00169538 -0.0118601 0.00572439 0.0236283 -0.0104555 -0.00863841 0.0375088 -0.0268466 0.0114687 0.0221369 -0.0281528 -0.0107671 0.0606298 0.0104939 -0.0210786 0.0450379
internal_weight=206.428 173.505 115.747 57.7583 31.4075 45.5561 70.1908 28.5641 61.9211 26.702 22.389 17.2607 32.9231 3.62134 16.992 12.5045 7.27376 4.48752 16.2083 11.9674 3.77164 3.26711 8.26977 6.5008 44.6604 10.45 0.35563 15.3852 8.02645 26.3509
internal_count=70155 35259 34513 746 337 1574 32939 444 32705 295 259 1285 34896 2039 1130 764 127 366 1220 198 353 1925 234 115 31420 7872 256 320 169 409
is_linear=0
shrinkage=0.05


Tree=55
num_leaves=31
num_cat=0
split_feature=7 3 6 4 0 4 7 7 2 0 5 0 7 7 0 8 0 7 0 0 0 0 7 7 0 7 7 7 8 0
split_gain=27.7434 20.0498 6.96215 5.76352 4.43824 4.33168 3.41467 3.19287 2.78559 2.62486 3.2538 3.61316 3.07598 2.63275 2.70935 2.62206 2.7625 2.39456 2.0741 2.16709 2.09634 1.78889 1.78558 1.60366 1.58041 1.58039 1.5315 1.51862 1.49249 1.22282
threshold=2.2776388888888892 1.0000000180025095e-35 2.5000000000000004 1.0000000180025095e-35 17225.000000000004 1.0000000180025095e-35 0.66319444444444453 0.41152777777777783 1.0000000180025095e-35 17525.000000000004 1.0000000180025095e-35 59425.000000000007 27.254305555555558 111.21250000000002 32675.000000000004 4720.8913945401055 19875.000000000004 25.17444444444445 10675.000000000002 6625.0000000000009 109250.00000000001 54275.000000000007 12.138888888888891 75.855833333333351 32275.000000000004 0.19925014750000003 716.72763888888892 21.81152777777778 44.084513702993377 34625.000000000007
decision_type=2 2 2 2 2 2 2 2 2 2 2 2 2 2 2 2 2 2 2 2 2 2 2 2 2 2 2 2 2 2
left_child=2 4 5 26 -2 6 15 -7 18 23 11 12 17 -14 -15 16 -1 21 19 -8 -20 22 -11 -6 -19 -18 -3 29 -5 -24
right_child=1 3 -4 28 9 7 8 -9 -10 10 -12 -13 13 14 -16 -17 25 24 20 -21 -22 -23 27 -25 -26 -27 -28 -29 -30 -31
leaf_value=-0.034517647921356226 -0.048405323957583617 -0.0023976271115665258 0.043917724446081732 0.034061013485658341 -0.014579436010226647 0.035952069141006092 -0.018868560264389565 -0.014132981911247551 0.043030181815845052 -0.03318968738429498 -0.037579463235441229 -0.038559477453043202 -0.031318594391919356 -0.027517391723431546 0.047024613163533978 -0.043669972002060964 0.010622769771623849 -0.0086289419036402297 -0.038222175017496612 0.069635875253911267 0.022485494376175433 0.053149552009029349 0.054817425813682166 0.074279884655787248 0.10650383996997262 -0.021775706501425348 -0.037112949540305383 -0.023409402149068739 0.00035084988359981357 -0.0051952028865854677
leaf_weight=4.2434250531950992 29.370316813176032 19.235484055592682 20.413152063963935 16.565496984636415 0.41088400839362194 19.011480880901221 0.60454417043365338 3.227292872616089 6.5675578340888023 1.9092083029681877 22.895470094750635 6.8280615414259946 6.5673381292726827 1.2174602044979113 1.974651825497858 3.229424752527847 21.233159442432228 0.20761396596208204 3.1192345144809224 0.6712597829173319 1.3705553234321994 0.8632985355798154 1.3668621761025868 0.2066875189775601 0.27566706202924252 3.5685408987337714 2.8457406576490021 0.85295100335497398 4.0640803901478639 1.0754241206450386
leaf_count=1018 34526 904 582 200 358 202 447 152 38 954 17896 2007 3110 809 376 82 203 130 1756 471 107 84 650 122 84 352 1828 401 35 243
internal_value=-0.00226055 -0.0179286 0.0190203 0.0093531 -0.0331786 0.0108821 0.00172338 0.0283883 0.0230699 -0.0227776 -0.0245451 -0.0106251 0.00262108 -0.0146973 0.0188123 -0.00688199 -0.00147432 0.026951 -0.00266625 0.0378346 -0.0189703 0.0110452 -0.0033797 0.0426953 0.0845713 0.00529789 -0.00828569 0.0175978 0.0277433 0.0345593
internal_weight=205.992 118.733 87.2596 42.7108 76.0219 66.8465 44.6077 22.2388 12.3332 46.6516 46.034 23.1385 16.3105 9.75945 3.19211 32.2746 29.0451 6.55103 5.76559 1.2758 4.48979 6.06774 5.20445 0.617572 0.483281 24.8017 22.0812 3.29524 20.6296 2.44229
internal_count=70127 64717 5410 2967 61750 4828 4474 354 2819 27224 26744 8848 6841 4295 1185 1655 1573 2546 2781 918 1863 2332 2248 480 214 555 2732 1294 235 893
is_linear=0
shrinkage=0.05


Tree=56
num_leaves=31
num_cat=0
split_feature=0 6 1 7 5 0 0 1 0 7 3 0 7 1 7 7 7 3 8 7 1 5 1 7 1 7 1 7 1 1
split_gain=27.3079 13.6524 12.0688 4.65405 7.6308 3.91472 4.46327 2.78828 2.77172 2.21155 5.2736 3.19486 4.75593 2.02566 2.18866 2.01963 2.95124 2.01936 1.993 1.97905 2.66685 1.85611 1.74411 1.56624 1.55076 1.50996 1.45207 1.42456 1.34894 2.21614
threshold=15125.000000000002 2.5000000000000004 2.3585153611338732 0.055346931944444448 1.0000000180025095e-35 26975.000000000004 36825.000000000007 0.78246623516497893 32675.000000000004 0.19925014750000003 1.0000000180025095e-35 240300.00000000003 25.417361111111116 2.0243905711506742 21.125694444444445 1.656527777777778 1.496388888888889 1.0000000180025095e-35 1.0000000180025095e-35 26.986527777777781 1.770756413769156 1.0000000180025095e-35 0.47727605874043871 12.639861111111113 1.1639013424321558 0.02546343388888889 4.6099034098427021 0.092348481944444463 0.51412455263421075 0.3980479701867175
decision_type=2 2 2 2 2 2 2 2 2 2 2 2 2 2 2 2 2 2 2 2 2 2 2 2 2 2 2 2 2 2
left_child=15 2 3 25 5 17 7 -7 23 -4 11 12 21 27 -15 16 24 -5 -8 -10 -21 -11 -19 -9 -1 -2 -14 -6 29 -29
right_child=1 -3 9 4 13 6 18 8 19 10 -12 -13 26 14 -16 -17 -18 22 -20 20 -22 -23 -24 -25 -26 -27 -28 28 -30 -31
leaf_value=-0.037543405312623471 -0.0061395957209724426 0.045794072103183349 0.03538020174496681 -0.037518955430017535 -0.00077084302611243221 -0.013854974283427074 0.0041538223099501165 0.042917396815484087 0.013502519997353878 0.037117082735582625 0.028036182298157061 -0.029079159254288302 -0.040536279874084299 -0.034319409823503351 0.032378152996151328 -0.048249351781755767 0.058277401824566824 0.052677019960516526 -0.036242599552438658 0.12978797749058382 -0.00019477022498331578 -0.010311276120916122 -0.010804496060712748 -0.0099589940927537358 0.031225543533177847 0.024701846294153021 0.012591594625677625 -0.035738562131191594 -0.043835265333721153 0.027222442254785012
leaf_weight=2.920188630581837 5.6853905087336871 19.122871801257133 14.11877255886793 7.2502942445571517 2.6156010432168868 1.6263158087385834 14.54288856056519 1.7349383925320583 1.1410701385466384 8.2449284318136069 25.683076717541553 7.5618355162441722 3.8427764326333991 1.1541676858905696 1.8901648735045453 26.774714933417272 0.38469639583490778 0.39783446688670654 2.8141542258672407 1.2068340050755066 0.47689054254442442 2.1773958518169811 3.8554452141979709 2.2575110319303349 0.23083284473977972 9.9998051058501005 1.2172828039620069 2.1148466283339107 24.044586567615625 1.5873989629908463
leaf_count=1794 52 341 124 4612 33 518 2296 156 163 617 393 844 1677 283 791 32904 117 18 159 247 78 734 578 813 126 71 305 1505 16623 1337
internal_value=-0.000802671 0.00713185 0.0019061 -0.0101794 -0.0156226 4.04212e-05 0.0108176 0.0385014 0.0511661 0.0184196 0.0128926 -0.00444923 0.00861482 -0.0326058 0.00485826 -0.0436966 -0.00618365 -0.023063 -0.00401331 0.0823685 0.106618 0.0271733 0.00403046 0.0170127 -0.0261969 0.0138248 -0.0277867 -0.0363973 -0.039612 -0.00869474
internal_weight=198.676 168.365 149.242 86.3961 70.7109 37.3042 25.8006 8.44356 6.81724 62.8461 48.7273 23.0442 15.4824 33.4068 3.04433 30.3104 3.53572 11.5036 17.357 2.82479 1.68372 10.4223 4.25328 3.99245 3.15102 15.6852 5.06006 30.3624 27.7468 3.70225
internal_count=70309 35368 35027 30333 30210 9638 4430 1975 1457 4694 4570 4177 3333 20572 1074 34941 2037 5208 2455 488 325 1351 596 969 1920 123 1982 19498 19465 2842
is_linear=0
shrinkage=0.05


Tree=57
num_leaves=31
num_cat=0
split_feature=0 4 7 3 7 7 2 7 0 5 1 1 7 7 7 7 0 1 7 7 1 0 0 7 1 8 0 0 7 7
split_gain=25.8624 12.5713 8.96818 5.28767 4.94231 3.1275 3.17747 6.32294 3.7726 3.69987 2.86301 2.52405 2.12545 2.06707 2.88854 1.80542 1.56883 1.47373 1.31288 3.25724 1.44305 1.37119 3.96171 1.65973 1.30517 1.28195 4.23042 1.93932 1.53467 1.84252
threshold=15125.000000000002 1.0000000180025095e-35 4.9784722222222237 1.0000000180025095e-35 0.41152777777777783 4.3473611111111117 1.0000000180025095e-35 0.13776479291666668 649650.00000000012 1.0000000180025095e-35 1.9891286160466968 1.0321216011203178 20.863750000000007 1.656527777777778 1.496388888888889 23.90388888888889 23375.000000000004 1.1639013424321558 75.855833333333351 77.624027777777783 0.56323504077527631 33075.000000000007 32675.000000000004 93.78388888888891 2.0243905711506742 11.410946739892816 447175.00000000006 59425.000000000007 113.20180555555557 47.420972222222225
decision_type=2 2 2 2 2 2 2 2 2 2 2 2 2 2 2 2 2 2 2 2 2 2 2 2 2 2 2 2 2 2
left_child=13 2 5 18 -3 6 7 9 -9 -2 16 -11 -5 14 17 -14 -6 -1 -4 20 -20 22 23 -21 -25 26 27 28 29 -17
right_child=1 4 3 12 10 -7 -8 8 -10 11 -12 -13 15 -15 -16 25 -18 -19 19 21 -22 -23 -24 24 -26 -27 -28 -29 -30 -31
leaf_value=-0.037155157698396758 -0.019985873050899796 0.041293093444556284 -0.037086392583757517 -0.029957128078215951 0.021637184497956874 0.071325443346920689 0.030779360986748123 -0.032914050937029565 0.028706010168520153 0.0012175374109038024 0.022564167620781419 0.034480365693325063 0.048000056631049136 -0.048162588362616165 0.058019574261921142 -0.014249609824503668 -0.016333961145613772 0.029649167734280904 0.089501843267324632 0.023882395872510197 -0.010463986806996747 -0.040278970538137913 0.08356810333120121 -0.039821290297009364 0.021389062385712934 -0.018382395432583406 0.069459578238592917 -0.039091048079374413 -0.019514932491920274 0.042175143929466703
leaf_weight=2.8075925100129133 5.3210555082187083 25.864540752023458 22.113127017335501 3.082104163127954 2.7230377853848031 1.0401091248495493 11.030679700896142 13.440977401507551 2.1947457152418783 8.7111276420764643 21.969139116816223 15.941098326817153 1.6739958082325745 25.495732977287844 0.38799929898232211 1.6098992262268419 9.5365430654492211 0.25514599680900563 0.075205722358076765 1.0294533129781465 0.26420700986636803 4.1054851653752849 0.1228883514413609 3.890457137778867 0.40037465549539764 3.9754971477668724 1.5072142891585816 1.8236995085608212 2.2589547587558627 3.1292101868893951
leaf_count=1785 53 370 19896 71 425 422 65 3413 27 99 399 180 25 32829 113 66 653 134 43 940 212 2800 56 3584 304 35 8 133 858 132
internal_value=-0.000566048 0.00699097 -0.00317785 -0.0182586 0.0251427 0.0102562 0.00791679 0.00184566 -0.023059 0.0151623 0.0121132 0.0232322 0.00257882 -0.0434051 -0.00533092 0.0102495 -0.00690425 -0.0256619 -0.0303719 -0.0133288 0.0619706 -0.0216264 -0.00348986 -0.0184048 -0.0311466 0.00298402 0.0121044 -0.00376915 0.00917243 0.0238643
internal_weight=197.781 168.835 108.742 51.0618 60.0933 57.6798 56.6397 45.609 15.6357 29.9733 34.2287 24.6522 19.0606 28.9465 3.45074 15.9785 12.2596 3.06274 32.0012 9.88807 0.339413 9.54866 5.44317 5.32029 4.29083 14.3045 10.329 8.82176 6.99806 4.73911
internal_count=70130 35269 33422 29163 1847 4259 3837 3772 3440 332 1477 279 1328 34861 2032 1257 1078 1919 27835 7939 255 7684 4884 4828 3888 1232 1197 1189 1056 198
is_linear=0
shrinkage=0.05


Tree=58
num_leaves=31
num_cat=0
split_feature=0 6 4 8 2 7 0 0 5 7 3 0 7 7 7 7 2 8 7 0 0 5 7 7 7 7 7 7 0 7
split_gain=22.7902 13.3861 7.01027 3.92745 6.03889 3.77374 4.24055 3.45141 3.29969 2.15967 2.7185 2.51314 3.30205 2.06564 2.63006 1.88562 2.42366 1.72316 1.60983 1.16533 4.25166 2.38664 1.38173 1.29314 2.86181 1.10178 4.06875 0.793608 0.773525 0.744648
threshold=15125.000000000002 2.5000000000000004 1.0000000180025095e-35 217.16070371010727 1.0000000180025095e-35 0.092348481944444463 52225.000000000007 649650.00000000012 1.0000000180025095e-35 0.055346931944444448 1.0000000180025095e-35 54275.000000000007 62.720833333333339 1.656527777777778 1.496388888888889 1.656527777777778 1.0000000180025095e-35 51.979481763690295 113.20180555555557 32275.000000000004 33075.000000000007 1.0000000180025095e-35 25.17444444444445 42.43555555555556 38.430833333333339 75.855833333333351 77.624027777777783 0.19925014750000003 53275.000000000007 0.13776479291666668
decision_type=2 2 2 2 2 2 2 2 2 2 2 2 2 2 2 2 2 2 2 2 2 2 2 2 2 2 2 2 2 2
left_child=13 2 3 7 -5 -4 8 9 15 -2 19 18 -13 14 -1 -7 -17 -8 -12 25 21 22 -21 24 27 -11 -27 -22 -26 -3
right_child=1 29 5 4 -6 6 17 -9 -10 10 11 12 -14 -15 -16 16 -18 -19 -20 20 23 -23 -24 -25 28 26 -28 -29 -30 -31
leaf_value=-0.02516240147686203 0.0027363717282986402 0.049655693014137546 0.045315967744220524 -0.045506285068427493 0.029287529809519347 -0.029877931637547657 0.027036613151016849 0.025542975872252363 -0.039545147483321025 -0.038820516115288556 0.024017221227781636 -0.049552733361860835 0.011520841703909657 -0.048074981985791417 0.053696304467964133 0.025988307012414759 -0.032391477310830905 -0.0053961256930973806 -0.01847896534063986 -0.0071738546553943312 -0.0022705484718766804 -0.015227923265131137 0.11158494203867741 -0.03760591787221549 0.074201242524218336 0.075944915524468068 -0.025533469698942209 -0.025719621302061263 -0.0072625676514563239 0.014990111237466264
leaf_weight=2.9838328756159203 14.260749884881077 14.69652868807316 7.6476862691342822 2.4292387831374045 12.558968856581487 2.0295355482958284 20.903805062407631 4.821015599416568 5.3358822531299657 17.554128206102181 7.9156349629629421 3.801353881135582 3.5341619411483407 24.352296710538212 0.44566623796708871 7.8309516822919232 1.3233932906296102 4.6708225125912568 2.1529564689844847 0.1635646687354918 6.0491575426422068 0.42763369611930102 0.23744339658878744 7.0245617625769219 0.20761380542535413 0.19089176907436822 5.1191339516662993 8.7828238129150105 0.1696869233273901 2.9378364048898211
leaf_count=1931 94 304 88 429 110 22 419 112 673 14254 309 47 154 32898 120 332 42 72 835 41 78 298 76 5435 179 149 4779 5821 147 29
internal_value=-0.00207172 0.00506962 1.33435e-05 -0.00777108 0.0150772 0.0151089 0.00869668 -0.0120574 -0.0106637 -0.0146889 -0.0185942 -0.00162015 -0.0222761 -0.0431324 -0.00510574 0.00523044 0.0151899 0.0211331 0.0140818 -0.024855 -0.015804 0.0590564 0.0925996 -0.0210157 -0.011506 -0.0329398 -0.0104279 -0.0169035 0.0588917 0.0449949
internal_weight=192.559 164.777 147.143 97.4007 14.9882 49.7421 42.0944 82.4125 16.5198 77.5915 63.3307 17.4041 7.33552 27.7818 3.4295 11.1839 9.15434 25.5746 10.0686 45.9266 23.0625 0.828642 0.401008 22.2338 15.2093 22.8642 5.31003 14.832 0.377301 17.6344
internal_count=70277 35328 34995 33347 539 1648 1560 32808 1069 32696 32602 1345 201 34949 2051 396 374 491 1144 31257 12075 415 117 11660 6225 19182 4928 5899 326 333
is_linear=0
shrinkage=0.05


Tree=59
num_leaves=31
num_cat=0
split_feature=7 3 0 5 1 0 7 4 1 5 0 0 0 8 7 7 8 1 8 7 0 1 7 7 1 7 7 5 7 7
split_gain=23.1581 18.5118 8.34212 4.72393 4.12496 3.09568 2.87875 2.34441 2.30994 2.16929 7.58242 5.26426 2.02908 2.14348 1.7522 2.52121 1.61645 1.13817 1.18283 1.72255 3.22363 1.93692 4.96209 2.0525 1.84723 1.69478 1.56993 1.07131 1.23009 1.27254
threshold=0.19925014750000003 1.0000000180025095e-35 27525.000000000004 1.0000000180025095e-35 0.28623236886652648 298775.00000000006 716.72763888888892 1.0000000180025095e-35 19.778839613637373 1.0000000180025095e-35 70225.000000000015 60875.000000000007 54275.000000000007 157.97120600351386 1.656527777777778 1.496388888888889 37.380592398558584 0.57237396684682984 2547.8319529278647 5.4612500000000006 59425.000000000007 1.4104383727894221 26.986527777777781 17.698611111111116 4.0376638141303909 254.17638888888891 162.34097222222223 1.0000000180025095e-35 26.143055555555559 17.138750000000005
decision_type=2 2 2 2 2 2 2 2 2 2 2 2 2 2 2 2 2 2 2 2 2 2 2 2 2 2 2 2 2 2
left_child=4 2 14 5 -1 17 7 8 12 10 -6 -11 27 -14 15 -2 -9 -4 19 -19 21 22 -21 -23 25 -25 -24 -3 29 -29
right_child=1 6 3 -5 9 -7 -8 16 -10 11 -12 -13 13 -15 -16 -17 -18 18 -20 20 -22 23 26 24 -26 -27 -28 28 -30 -31
leaf_value=-0.040220430087566789 -0.024423007188166951 0.023145981731913016 -0.025773832837067204 -0.03043152704103563 -0.042454929095164587 -0.027051967887124329 -0.022343542019547882 0.038002313171814739 0.038844502884701086 0.040079204131321232 0.034235398492311712 -0.029665482892582442 -0.033661566468587055 0.011679313110627674 -0.043802187784171998 0.048982481403562199 0.0025481626871912966 0.033624976736928554 -0.019922098048028511 -0.027851368782600562 -0.036530569886310933 0.040927779769201478 0.081956980545079591 -0.040956428686402216 0.030057726594590779 0.031809802516295914 -0.010949669815122555 -0.018903654307285814 -0.031526477057447037 0.048177054774088762
leaf_weight=1.3643176420591761 4.4527822575182645 7.4068003990687483 1.0429242543177739 15.815242106735239 3.7263472382910541 5.8004728022497138 4.0867415576940394 14.65298584313132 3.5381423681974402 36.63404813176021 9.3209038749337179 2.2100947028957298 5.7052336242049915 3.6046567410230637 38.527977878577076 0.51448818156495679 4.2354523001704356 8.2646917516831362 1.5324246503878374 1.2281159656122311 2.6186459194868794 1.0933132080826906 2.3914907184662302 3.5711705655558039 0.78117737919092167 0.20277037029154588 0.27496506390161801 0.57092360220849536 1.5793853639625011 0.51782312209252268
leaf_count=354 1971 485 445 10514 127 600 1896 142 17 768 90 25 77 25 47217 174 39 622 34 508 1308 183 866 1063 67 29 98 50 255 58
internal_value=-0.000485355 -0.01157 -0.024886 -0.0093661 0.0271069 0.00283389 0.0139788 0.017968 0.00673182 0.029604 0.0108693 0.035466 -0.000747452 -0.0166762 -0.040238 -0.00988558 0.0305801 0.0111835 0.0139849 0.0173398 0.00455889 0.0182295 0.0412579 -0.00146593 -0.0171771 -0.0312025 0.072003 0.0141484 -0.0103297 0.0207914
internal_weight=187.267 134.011 88.1127 44.6174 53.2557 28.8022 45.8981 41.8114 22.923 51.8914 13.0473 38.8441 19.3848 9.30989 43.4952 4.96727 18.8884 23.0017 21.9588 20.4263 12.1616 9.543 3.89457 5.64843 4.55512 3.77394 2.66646 10.0749 2.66813 1.08875
internal_count=70107 68743 65699 16337 1364 5823 3044 1148 967 1010 217 793 950 102 49362 2145 181 5223 4778 4744 4122 2814 1472 1342 1159 1092 964 848 363 108
is_linear=0
shrinkage=0.05


Tree=60
num_leaves=31
num_cat=0
split_feature=0 6 1 4 3 0 0 1 0 0 1 1 1 0 8 1 1 1 8 8 6 3 0 1 0 8 0 6 1 1
split_gain=21.988 12.1556 6.61028 3.64015 1.33041 2.93068 1.37268 1.75286 1.49302 2.07925 1.47297 1.30186 1.83067 1.66977 1.27323 1.17674 2.21902 1.07204 1.44213 1.05135 1.67705 3.29279 1.63154 2.15081 1.4667 2.83367 1.47206 1.01319 0.978577 2.01437
threshold=15575.000000000002 2.5000000000000004 2.6625769853526839 1.0000000180025095e-35 1.0000000180025095e-35 36825.000000000007 109250.00000000001 1.204527691765066 57975.000000000007 52225.000000000007 1.8875203576783794 1.6507458535928288 0.93814630809925625 20825.000000000004 18.523817456949349 1.6104177053898876 1.3055605105640784 2.104946516723134 1146.7097124840948 4999.4668230833131 1.0000000180025095e-35 1.0000000180025095e-35 363025.00000000006 3.1968853820598011 62525.000000000007 885.61210271637276 32275.000000000004 6.5000000000000009 0.52680359841163871 0.6914501853229359
decision_type=2 2 2 2 2 2 2 2 2 2 2 2 2 2 2 2 2 2 2 2 2 2 2 2 2 2 2 2 2 2
left_child=27 2 3 4 6 11 8 -8 9 10 -2 12 13 -6 28 16 -11 -12 -19 20 21 22 23 -4 26 -26 -25 -1 -5 -30
right_child=1 -3 19 14 5 -7 7 -9 -10 15 17 -13 -14 -15 -16 -17 -18 18 -20 -21 -22 -23 -24 24 25 -27 -28 -29 29 -31
leaf_value=-0.042801554425627671 -0.020925345752867964 0.046391439234258182 -0.03597037446237026 -0.018083220057637125 -0.020597415299129711 -0.02393221978304573 0.055299701762086262 -0.021737954466426387 -0.044548278257699053 -0.016071149125753716 0.026731927617584691 0.045169525786418974 -0.03060047509343207 0.047844136220835692 -0.030814461388179028 -0.012211475902271647 0.083396637123074324 -0.027619458278975623 0.031994383590024253 -0.015094011822997414 0.029095427256871011 0.020744903498716626 -0.040557771167592759 -0.018531317241442379 -0.036524769118536686 0.024502658268926489 0.045702353981421473 0.014556188705446447 0.055274030274377585 0.0086232971988383124
leaf_weight=26.450799331243619 36.624003728735261 16.146683089435101 2.1986192683107211 1.7409832344856173 0.68428601289633562 5.0503839612938464 0.57612693402916082 0.63237456366186962 4.2346926159807472 0.47181307489517965 2.2806557141011572 2.4990745191462338 1.4806155967526136 1.504008480813354 0.97216882195789267 0.69271803862648085 0.45560222223866731 2.4819619273184803 0.49826394021511067 2.0425337608903638 16.86453870870173 24.127014525001869 2.2528161248192182 0.56639805110171293 2.6036219060188159 3.0532750370912254 2.7782988813705742 0.33942999690771003 1.6954953036038229 21.190430456423201
leaf_count=35878 22289 339 891 180 217 241 62 311 2306 367 918 118 496 83 51 302 154 1314 2 18 236 345 413 228 1057 40 419 4 146 845
internal_value=-0.000538862 0.00661928 0.00181253 -0.00691312 -0.0135667 0.00183777 -0.0170634 0.0233982 -0.0185467 -0.0150716 -0.0174381 0.0233334 0.00197095 0.0266946 0.00864723 0.0294138 0.0507097 0.00630333 -0.0121184 0.0149507 0.0163297 0.0099953 -0.00938476 -0.000304195 0.0111327 -0.00485293 0.0330632 -0.0415772 0.0113467 0.0142488
internal_weight=185.19 158.399 142.253 85.7657 60.1666 11.2184 48.9482 1.2085 47.7397 43.505 41.8849 6.16798 3.66891 2.18829 25.5991 1.62013 0.927415 5.26088 2.98023 56.4871 54.4446 37.58 13.453 11.2002 9.00159 5.6569 3.3447 26.7902 24.6269 22.8859
internal_count=70270 34388 34049 30402 29180 1155 28025 373 27652 25346 24523 914 796 300 1222 823 521 2234 1316 3647 3629 3393 3048 2635 1744 1097 647 35882 1171 991
is_linear=0
shrinkage=0.05


Tree=61
num_leaves=31
num_cat=0
split_feature=7 3 6 1 7 1 7 7 8 1 1 4 1 5 7 1 8 8 7 7 1 1 4 1 7 7 1 8 4 7
split_gain=18.5712 17.3169 5.43952 3.43614 2.79427 2.43722 2.32514 2.32217 2.15628 2.86511 1.89677 1.77717 1.71487 2.89809 1.87152 1.47837 1.44927 1.33146 1.29253 1.2455 1.53549 1.23063 1.14612 1.1366 1.5861 1.07447 1.51555 1.05653 0.99356 1.39517
threshold=2.2776388888888892 1.0000000180025095e-35 2.5000000000000004 2.7729406069869937 0.055346931944444448 1.3055605105640784 716.72763888888892 1.496388888888889 39.619204318802318 13.514263300784213 0.45441971365152417 1.0000000180025095e-35 1.3958839162969146 1.0000000180025095e-35 38.430833333333339 0.78246623516497893 1566.3222023950627 2776.4796999257233 87.410833333333343 0.02546343388888889 1.214616241972851 3.6810950955523771 1.0000000180025095e-35 3.1968853820598011 157.31652777777779 48.38944444444445 13.514263300784213 2187.0302040959637 1.0000000180025095e-35 89.951944444444464
decision_type=2 2 2 2 2 2 2 2 2 2 2 2 2 2 2 2 2 2 2 2 2 2 2 2 2 2 2 2 2 2
left_child=2 5 3 4 11 28 8 -6 15 -10 -4 19 13 14 -7 18 -9 21 -3 20 -1 -5 -17 24 -14 26 27 -25 -2 -30
right_child=1 6 10 17 7 12 -8 16 9 -11 -12 -13 23 -15 -16 22 -18 -19 -20 -21 -22 -23 -24 25 -26 -27 -28 -29 29 -31
leaf_value=-0.036882225195619421 -0.041657164140088347 -0.034966353442143848 -0.013064897552907901 0.0057188180833883905 -0.018568145419254268 -0.012474778166102291 -0.021898863892713921 0.036612846745505578 -0.03238697367517572 0.020181510202785299 0.046462123378234445 0.043749366232254228 -0.034068501251379099 -0.025618913164892357 0.090453500729503963 0.013094326419365919 -0.022881994034433847 -0.0019521936959060492 0.021170256577724752 0.017633751173946874 0.013146410887816418 0.035387079395481094 0.035727723502757387 0.024504803185413482 0.015336068983909696 -0.031932702598573566 -0.031182839987605904 -0.027505495339111549 -0.026674624441722014 0.025138503192848733
leaf_weight=2.1544290980091301 34.76353766862303 1.3665208048187225 1.0394488007295901 4.9725252866046565 17.900515565823302 0.33012717118254165 3.9932959064026354 2.6872794927330683 4.2060419286135566 4.2207757905125618 15.183829984162001 3.2796288579702368 13.726369042415174 1.0485776454443112 0.42284916929202154 13.025243663287256 0.6484533956972881 4.0437282100319853 0.93456038506701578 6.8668378783622757 2.2344620851799846 15.691473355982451 12.055157262366265 4.8132753908866999 1.2530606509535562 1.6995835535926742 1.1997177965822627 0.31447963463142503 3.2224591661943114 0.97402533789863799
leaf_count=65 45943 241 217 121 2957 228 1882 1216 58 32 365 42 9620 1215 273 452 43 34 162 98 18 261 113 1079 776 775 267 7 1311 365
internal_value=-0.00129318 -0.015044 0.0172289 0.00997796 -4.17036e-05 -0.0310159 0.0106784 -0.0114078 0.0148076 -0.00670903 0.042111 0.0162296 -0.0176699 0.0212833 0.0639533 0.0214326 0.0224372 0.0239217 -0.0126605 0.00529557 -0.0136987 0.0288413 0.0249261 -0.0214797 -0.0292346 -0.00537281 0.00514561 0.0173469 -0.0388592 -0.0121252
internal_weight=180.272 103.57 76.7026 60.4793 35.7716 63.7681 39.8016 21.2362 35.8083 8.42682 16.2233 14.5354 24.808 1.80155 0.752976 27.3815 3.33573 24.7077 2.30108 11.2557 4.38889 20.664 25.0804 23.0065 14.9794 8.02706 6.32747 5.12776 38.96 4.19648
internal_count=70236 64799 5437 4855 4439 61859 2940 4216 1058 90 582 223 14240 1716 501 968 1259 416 403 181 83 382 565 12524 10396 2128 1353 1086 47619 1676
is_linear=0
shrinkage=0.05


Tree=62
num_leaves=31
num_cat=0
split_feature=7 3 6 1 1 7 4 1 7 1 2 8 8 1 1 1 7 1 1 7 1 7 7 5 8 7 1 4 8 7
split_gain=15.9311 17.6982 5.40073 3.81832 3.6071 2.27366 2.29525 2.21608 2.08205 1.96997 1.96072 2.60738 2.13992 1.77204 5.79217 1.82423 1.63348 1.42594 1.37838 1.31606 1.2993 1.16906 1.3713 1.16339 1.15319 1.13516 0.986456 0.979864 0.962541 0.982993
threshold=2.2776388888888892 1.0000000180025095e-35 2.5000000000000004 1.1639013424321558 2.7729406069869937 0.055346931944444448 1.0000000180025095e-35 1.3055605105640784 48.38944444444445 0.44984831672970671 1.0000000180025095e-35 70.058000166246828 53.569091351456052 0.6142199264175866 0.56836542994196415 0.90400714076291344 38.430833333333339 0.91001702058680511 0.17057420008475085 0.02546343388888889 1.193481754783168 0.95486111111111127 0.66319444444444453 1.0000000180025095e-35 4999.4668230833131 254.17638888888891 1.3827358679964401 1.0000000180025095e-35 1692.0568814222668 4.5558333333333341
decision_type=2 2 2 2 2 2 2 2 2 2 2 2 2 2 2 2 2 2 2 2 2 2 2 2 2 2 2 2 2 2
left_child=2 7 4 -3 5 6 19 -2 16 -4 27 12 -12 14 18 -15 23 -17 -7 -1 -21 22 -19 28 -6 26 -10 -5 29 -9
right_child=1 3 9 10 24 13 -8 8 25 -11 11 -13 -14 15 -16 17 -18 21 -20 20 -22 -23 -24 -25 -26 -27 -28 -29 -30 -31
leaf_value=-0.016606418569246717 -0.038331759167776397 -0.021414863159378877 -0.016577110895728536 0.014569536828071054 0.026918504352096768 0.028627238270235878 0.043869878481681418 0.028302206904617041 0.0068902789088755058 0.044997501935343132 -0.00080190141485874441 0.023075290365639361 -0.060335893594032075 -0.048365242502260396 0.079090625609382639 0.037271582347524937 0.027049413900694281 -0.01159001479883965 -0.035820937345713497 0.028831453106379801 -0.0089353965653666545 -0.037260516410194934 0.032686653201396826 -0.031368734788392333 -0.0073326460249285063 0.015546615609105266 -0.04489691352272291 0.03748183080229419 -0.036559005688510483 -0.0056589232871006069
leaf_weight=4.902751078829171 37.2658935712534 6.4402447202010071 0.91451350785792129 11.263676798611414 21.812831518473107 0.27093332016375216 3.3926325510255984 2.0213137216633186 0.75424329075030616 15.275776371825485 4.720340009313075 6.0578599898144603 1.2381913289427755 3.0379228894598809 1.1578505379729902 0.56081022380385448 2.1619254078832446 9.6026980964234081 2.5925054099061526 4.5537233435316011 3.2252601019572467 2.8597264729323788 1.1084430631017301 4.325883326760958 2.3331848210655144 0.49772973416838873 7.7202662409981713 10.687536714598536 0.67362593417055983 6.4234534822753631
leaf_count=85 47552 1975 211 283 401 205 44 283 635 376 534 47 8 901 163 18 1421 491 1376 79 22 846 192 3986 19 253 5351 104 11 2299
internal_value=-0.00105462 -0.0139611 0.015913 0.0116076 0.00881495 -0.0010321 0.0127119 -0.0305861 -0.0178027 0.0407574 0.018302 0.00178481 -0.0200661 -0.0115607 0.015606 -0.0184321 -0.00597506 -0.00922627 -0.0238916 0.00177931 0.0139387 -0.0135739 -0.00460822 -0.0127906 0.0234489 -0.0357133 -0.040047 0.0268721 -0.00174781 0.00460584
internal_weight=179.854 102.252 77.6016 40.4078 61.4113 37.2653 16.0744 61.8443 24.5784 16.1903 33.9676 12.0164 5.95853 21.1909 4.02129 17.1696 15.6062 14.1317 2.86344 12.6817 7.77898 13.5709 10.7111 13.4443 24.146 8.97224 8.47451 21.9512 9.11839 8.44477
internal_count=70171 64742 5429 2951 4842 4422 230 61791 14239 587 976 589 542 4192 1744 2448 8000 1547 1581 186 101 1529 683 6579 420 6239 5986 387 2593 2582
is_linear=0
shrinkage=0.05


Tree=63
num_leaves=31
num_cat=0
split_feature=0 6 1 7 7 5 0 7 7 1 1 7 0 1 7 0 7 1 7 0 0 7 0 0 0 0 7 0 1 1
split_gain=20.3576 9.49268 6.99286 4.3699 3.4912 5.80932 2.74271 1.86744 1.81473 1.64654 1.77118 2.8121 1.44207 1.48151 2.39084 1.40929 1.32344 1.31043 1.613 2.04313 2.22391 1.59557 2.52469 1.71762 1.40391 1.85016 2.03614 1.29689 1.63044 1.5466
threshold=16925.000000000004 2.5000000000000004 2.6625769853526839 1.656527777777778 0.092348481944444463 1.0000000180025095e-35 17525.000000000004 75.855833333333351 1.496388888888889 2.0243905711506742 1.6104177053898876 22.673333333333336 109250.00000000001 1.9891286160466968 21.125694444444445 40275.000000000007 254.17638888888891 19.778839613637373 2.2776388888888892 100425.00000000001 31575.000000000004 25.417361111111116 48425.000000000007 45475.000000000007 240300.00000000003 363025.00000000006 0.19925014750000003 52225.000000000007 1.3430774843230313 0.56836542994196415
decision_type=2 2 2 2 2 2 2 2 2 2 2 2 2 2 2 2 2 2 2 2 2 2 2 2 2 2 2 2 2 2
left_child=3 2 4 8 -2 9 7 -7 -1 10 27 -12 13 -8 -15 -11 -13 18 24 20 -20 23 -23 -22 -4 -26 -27 -6 29 -29
right_child=1 -3 17 -5 5 6 12 -9 -10 15 11 16 -14 14 -16 -17 -18 -19 19 -21 21 22 -24 -25 25 26 -28 28 -30 -31
leaf_value=-0.011091810630326236 0.012493282782389103 0.045035304666388755 0.032848611273164983 -0.04795577116475655 -0.0072189173180431223 -0.017326414781608748 -0.040082060871766641 0.072369182714457275 0.050605702151265586 0.0051775262123722847 0.055837983683891458 -0.020563300383680871 0.024039467032674788 -0.041311874350910258 0.022172375302591158 -0.038116516360809941 0.031682379311102175 0.034433265940564416 -0.028415878468763884 -0.008479099329846692 0.082100886719313995 -0.030215410940516121 0.029809453349518768 0.011263102702263241 -0.01897448424868757 0.038280765104337665 -0.0092225549722673144 -0.020782494460341507 -0.021925240493755709 0.045336201559074044
leaf_weight=4.9683541865670149 17.44755139760673 13.836446728557346 12.270105783711189 22.63561663829023 17.53677935816814 0.52753012039466085 20.734288450097672 0.2256502658710815 0.48994118254631747 2.902615977334789 3.0145764215267254 2.7213642274145973 0.415508002624846 1.5896792085841287 2.5081134553765878 3.4171737832366489 0.80949839029926796 7.7547076272312543 1.2388945302809613 14.4727043385501 1.2819615992484599 1.7800295116612685 3.890910179936327 1.9710753649123942 3.4830441649537516 4.8358293659985065 3.1493587901350111 0.49409074627328609 1.0295124918920917 3.1909740985720418
leaf_count=2105 153 324 233 36121 6178 547 16159 201 130 481 329 644 245 471 1193 488 147 271 428 1258 132 325 577 269 47 55 65 70 165 405
internal_value=-0.000377509 0.00707022 0.00286709 -0.0386426 -0.00673885 -0.0123419 -0.0297805 0.035497 0.00142447 0.00103689 0.00622921 0.027165 -0.033006 -0.0348542 -0.00572822 -0.0202412 -0.00423635 0.0161954 0.0126336 0.00342475 0.0196177 0.0284775 0.00926341 0.0519193 0.0216657 0.00802591 0.0206042 -0.000832687 0.0200285 0.0339274
internal_weight=176.624 148.53 134.694 28.0939 78.5649 61.1174 26.0008 0.75318 5.4583 35.1166 28.7968 6.54544 25.2476 24.8321 4.09779 6.31979 3.53086 56.1286 48.3739 24.6356 10.1629 8.92398 5.67094 3.25304 23.7383 11.4682 7.98519 22.2514 4.71458 3.68506
internal_count=70216 31860 31536 38356 27876 27723 18816 748 2235 8907 7938 1120 18068 17823 1664 969 791 3660 3389 2989 1731 1303 902 401 400 167 120 6818 640 475
is_linear=0
shrinkage=0.05


Tree=64
num_leaves=31
num_cat=0
split_feature=0 6 1 5 7 7 0 1 7 0 0 0 0 0 0 3 7 7 7 1 0 7 0 8 7 3 1 7 8 7
split_gain=19.4517 9.33281 4.56015 2.64483 9.0524 3.0598 2.50286 2.80735 2.45224 2.01379 1.79486 1.73184 1.95106 2.50681 2.02208 1.8418 2.03089 1.77292 1.73468 2.31584 2.07996 1.71364 3.79602 1.59949 2.05914 4.25022 1.57376 1.60647 1.49253 1.37872
threshold=15125.000000000002 2.5000000000000004 1.9891286160466968 1.0000000180025095e-35 0.092348481944444463 0.19925014750000003 59425.000000000007 2.6625769853526839 0.02546343388888889 20075.000000000004 109250.00000000001 21025.000000000004 31225.000000000004 36825.000000000007 39775.000000000007 1.0000000180025095e-35 89.951944444444464 53.66180555555556 26.986527777777781 0.7941661369312657 32675.000000000004 26.143055555555559 49375.000000000007 2776.4796999257233 3.3530555555555561 1.0000000180025095e-35 2.0652914592683032 157.31652777777779 11.410946739892816 16.507500000000004
decision_type=2 2 2 2 2 2 2 2 2 2 2 2 2 2 2 2 2 2 2 2 2 2 2 2 2 2 2 2 2 2
left_child=-1 2 3 5 8 -2 21 -8 -5 -7 -6 17 15 18 -15 -13 -17 29 -14 -20 -21 -4 26 24 -9 -26 27 -23 -16 -11
right_child=1 -3 6 4 10 9 7 23 -10 11 -12 12 13 14 28 16 -18 -19 19 20 -22 22 -24 -25 25 -27 -28 -29 -30 -31
leaf_value=-0.043527448427700274 -0.033810512461463153 0.042446443837207241 0.0350160179936835 -0.013990067510649608 -0.037015176502151061 -0.021478711735773301 -0.032615999491141155 0.022427932721748343 0.026464124876076973 -0.007442465835033673 0.033484447959644441 -0.030218294816022014 0.0079807939079886651 -0.031315756505937362 0.026152447662660491 0.039616542242989973 -0.026832485810292801 -0.012166148404848916 -0.013972436879616216 -0.010716545748965814 0.10275885551521491 -0.018445535625726327 0.049265459959497743 -0.020115023298062903 -0.040549049859956832 0.011408319326045822 -0.025440421297841562 0.06101916911982852 -0.015424156076518262 0.10802053245478654
leaf_weight=21.922423502372112 3.712069327710199 14.648663282394407 13.210942803882064 4.8270607003942123 22.948159842169847 3.5144948700326522 3.7549391146749249 18.841321986401454 10.360536815598605 0.17302297207061457 0.19718804571311821 3.8159066283260499 1.9967413416597981 1.869596937089226 7.4105883118463662 1.9846438365057113 0.99972105037886638 0.31597854534629732 0.38245172763709012 0.27047915582079429 1.5862160435644908 0.55270195438060721 2.3715787333785556 3.7096429318189612 4.050851478881671 16.83249815646559 5.3547068912885152 0.33061373955570161 2.1604009533184581 0.26414945221040398
leaf_count=34852 58 344 1302 45 19143 2619 724 358 88 93 138 2583 320 396 1562 64 279 185 147 110 301 175 358 36 1729 258 1639 38 122 144
internal_value=-0.000568359 0.00585268 0.00168482 -0.00737301 -0.0159467 0.00358193 0.0106901 0.00402185 0.0135366 0.0098035 -0.0350526 0.0152274 0.0109531 0.0202734 0.00653887 -0.0103772 0.0162093 0.0637786 0.049035 0.0718786 0.0882633 0.0243026 0.00593037 0.00785197 0.0108934 -6.25313e-05 -0.0150751 0.0279043 0.0161963 0.0889413
internal_weight=174.37 152.448 137.799 68.7894 38.3329 30.4565 69.0098 47.1893 15.1876 26.7444 23.1453 23.2299 22.4767 15.6765 11.4406 6.80027 2.98436 0.753151 4.23589 2.23915 1.8567 21.8205 8.6096 43.4343 39.7247 20.8833 6.23802 0.883316 9.57099 0.437172
internal_count=70210 35358 35014 28397 19414 8983 6617 3105 133 8925 19281 6306 5884 2958 2080 2926 343 422 878 558 411 3512 2210 2381 2345 1987 1852 213 1684 237
is_linear=0
shrinkage=0.05


Tree=65
num_leaves=31
num_cat=0
split_feature=0 6 4 1 7 0 7 0 0 7 5 0 8 1 8 8 7 3 7 3 0 0 0 7 7 0 0 1 0 1
split_gain=19.3134 8.89992 5.58321 3.83553 3.59498 1.98241 2.91194 2.11414 1.75367 1.61909 3.34596 2.72798 1.91407 3.17423 1.53114 1.5248 1.51813 1.23865 1.19053 1.39418 1.17685 1.22717 6.00623 1.42697 2.59034 1.14963 1.13753 2.18424 2.65714 2.26189
threshold=15575.000000000002 1.5000000000000002 1.0000000180025095e-35 2.6625769853526839 0.13776479291666668 54275.000000000007 25.417361111111116 49375.000000000007 138075.00000000003 0.092348481944444463 1.0000000180025095e-35 72975.000000000015 44.959296728050845 13.514263300784213 4074.7643989675607 3117.8568602318633 1.656527777777778 1.0000000180025095e-35 3.3530555555555561 1.0000000180025095e-35 16025.000000000002 20075.000000000004 21775.000000000004 75.855833333333351 93.78388888888891 17525.000000000004 52225.000000000007 2.0243905711506742 40775.000000000007 1.3958839162969146
decision_type=2 2 2 2 2 2 2 2 2 2 2 2 2 2 2 2 2 2 2 2 2 2 2 2 2 2 2 2 2 2
left_child=16 2 3 20 -3 6 -5 -8 14 -4 12 -12 17 -14 -7 18 -1 26 -10 -20 -2 23 -23 -22 25 -25 27 28 29 -11
right_child=1 4 9 5 -6 8 7 -9 15 10 11 -13 13 -15 -16 -17 -18 -19 19 -21 21 22 -24 24 -26 -27 -28 -29 -30 -31
leaf_value=-0.0082199811445373954 0.025474545217680628 0.047025694108529671 0.040378705398747744 0.05368800882416104 -0.00047503358892694462 -0.032578235312374935 -0.035633960526641986 0.036726718137997855 0.025347613903724781 -0.0012100175127014742 -0.032084922815390049 0.023821642568673251 -0.044966101702110996 0.023025615214255862 0.023641361306288796 -0.02447935897722292 -0.047491671502698285 0.036179204085231322 -0.031493757614800499 0.010607221802825084 -0.043975814500907248 0.043378739159463504 -0.017354399048762615 0.079666026746337534 -0.028772425507794099 -0.0097505503655832895 0.024971116926729701 -0.032997971921917772 -0.032024032572473722 0.072646294464456695
leaf_weight=3.3528698506997925 0.9653318616328751 16.302239311859015 5.1083609387278548 3.8203821889474083 5.1486666202545157 4.5035957348300171 1.6918197575141678 0.65674492239486415 8.8477296292549052 1.8486288470448964 5.8418332553701457 2.3495885971933603 2.0659367939224458 2.9584437450394034 0.77429565973579872 2.1357151488773516 18.651534150587395 11.831874317489564 1.6580355279147605 6.5584719690959901 5.5488554514013222 3.5647011292749076 39.859396670362912 0.15672221430577327 1.3512983007822184 0.24087998393224552 7.8610250856727362 2.4087233822792768 1.0446982951834796 1.2702706324635071
leaf_count=2073 870 371 50 427 57 949 598 91 150 200 719 83 65 35 6 22 33745 130 993 50 4635 2295 19438 155 1489 219 181 37 35 43
internal_value=0.000525096 0.00708994 0.00194121 -0.00577092 0.0361112 0.00807954 0.0312073 -0.0104742 0.00125475 0.0159958 0.0119214 -0.0152019 0.019273 -0.00775476 -0.0218785 0.00838215 -0.0421252 0.0245381 0.0136225 -0.000383783 -0.0139807 -0.0152096 -0.0115046 -0.0332128 0.00451077 0.0572782 0.0132693 -0.00217642 0.0185918 0.0392046
internal_weight=170.379 148.374 126.923 82.334 21.4509 30.6468 6.16895 2.34856 24.4778 44.5894 39.481 8.19142 31.2896 5.02438 5.27789 19.2 22.0044 26.2652 17.0642 8.21651 51.6872 50.7219 43.4241 7.29776 1.7489 0.397602 14.4333 6.57232 4.1636 3.1189
internal_count=70211 34393 33965 32387 428 3286 1116 689 2170 1578 1528 802 726 100 955 1215 35818 626 1193 1043 29101 28231 21733 6498 1863 374 496 315 278 243
is_linear=0
shrinkage=0.05


Tree=66
num_leaves=31
num_cat=0
split_feature=0 6 4 7 0 7 7 3 7 2 7 7 7 7 1 0 1 7 8 1 7 1 1 0 1 1 7 0 0 7
split_gain=16.4188 8.75954 4.17691 2.95148 2.73104 3.143 2.52582 2.32596 3.18148 3.71164 2.20449 2.17019 1.96757 2.61583 3.8383 2.27497 1.85338 1.90014 1.68524 1.64956 1.62191 1.44928 1.28278 1.25182 1.32544 1.21808 2.07406 1.72797 1.17621 1.13631
threshold=15575.000000000002 2.5000000000000004 1.0000000180025095e-35 0.092348481944444463 52225.000000000007 1.656527777777778 1.656527777777778 1.0000000180025095e-35 0.055346931944444448 1.0000000180025095e-35 1.496388888888889 0.54069444444444459 75.855833333333351 113.20180555555557 1.3958839162969146 447175.00000000006 0.83565609281928344 48.38944444444445 51.979481763690295 0.67578533382629702 2.6197222222222227 13.514263300784213 1.1639013424321558 44775.000000000007 0.44984831672970671 19.778839613637373 113.20180555555557 50225.000000000007 17225.000000000004 26.143055555555559
decision_type=2 2 2 2 2 2 2 2 2 2 2 2 2 2 2 2 2 2 2 2 2 2 2 2 2 2 2 2 2 2
left_child=6 2 7 -4 5 -5 10 8 -2 12 22 -11 15 14 23 -10 19 -18 -6 -7 -13 -17 -1 24 -14 26 27 29 -26 -9
right_child=1 -3 3 4 18 16 -8 25 9 11 -12 20 13 -15 -16 21 17 -19 -20 -21 -22 -23 -24 -25 28 -27 -28 -29 -30 -31
leaf_value=-0.031724512578586314 0.010609150025593088 0.044003042381166702 0.042478962350953615 -0.046355941206102917 0.023893789546072141 -0.001757391089849169 -0.047367776087818336 0.040368148572364176 -0.030466437990332912 -0.034928206242805723 0.052132668657212368 0.039443216500843592 -0.0095234078376063066 -0.02220741253650468 -0.027670533582154617 0.031037521776977779 0.010545864783384741 -0.030173652532200081 -0.0096318377448483383 0.063821631076424981 -0.011204750406283385 -0.025331144151804066 0.02988196556811494 -0.010659781163105958 -0.0074962344232574855 0.032831274838487003 -0.028625210571464513 -0.004931087129192626 0.091954317888141415 0.0042713094993682161
leaf_weight=2.5887068668380415 14.431510858237742 12.726700974628328 6.654517773538827 3.0126898079179218 20.730795703828338 1.6762661389075213 17.772019126685336 4.4193961780984043 30.446522547397763 0.87639886140823264 0.46770305326208461 4.7300845831632614 0.23498918389668677 4.3868860254297033 1.2355400096857918 2.0864546792581673 6.1038154152920452 3.8685766562120989 3.9579089742619535 1.0893817920004947 1.6708953012712298 0.90052342606941227 0.2513667739694937 0.27052337647182856 0.17620515287853766 3.3014575839042655 3.1785699816537081 8.8654819848015887 1.4648962354403918 4.0890353126451373
leaf_count=1842 94 329 92 56 429 287 33763 122 22873 5 121 26 253 4372 1155 114 304 254 65 118 182 93 139 259 231 17 957 102 1443 178
internal_value=-5.61099e-05 0.00596036 0.00204398 0.0138745 0.00825597 -0.00772231 -0.040269 -0.00446223 -0.00946778 -0.0155379 1.36032e-05 0.0157715 -0.0213106 0.00125995 0.0298203 -0.0264397 0.00412414 -0.00656073 0.0183535 0.0341626 0.0264946 0.0119523 -0.0199102 0.0611883 0.0716526 0.00858899 0.00335218 0.010442 0.082481 0.0252942
internal_weight=167.666 146.586 133.859 47.094 40.4394 15.7507 21.0798 86.7654 62.9114 48.4799 3.30778 7.27738 41.2025 7.76904 3.38215 33.4335 12.738 9.97239 24.6887 2.76565 6.40098 2.98698 2.84007 2.14661 1.87609 23.8539 20.5525 17.3739 1.6411 8.50843
internal_count=70275 34410 34081 1605 1513 1019 35865 32476 31100 31006 2102 213 30793 7713 3341 23080 963 558 494 405 208 207 1981 2186 1927 1376 1359 402 1674 300
is_linear=0
shrinkage=0.05


Tree=67
num_leaves=31
num_cat=0
split_feature=0 6 3 7 7 0 7 7 1 1 4 7 7 0 1 7 1 1 1 1 7 7 0 1 1 7 1 7 7 1
split_gain=14.8125 7.10087 4.20732 5.47346 2.74797 2.48764 2.34155 5.233 3.07151 2.29932 2.05456 2.0161 1.90911 3.08095 2.12616 2.1003 1.94786 1.84902 1.69959 2.09755 1.85889 1.73118 1.52991 1.39632 2.29465 2.07784 1.84641 1.33976 3.47444 2.30607
threshold=15575.000000000002 2.5000000000000004 1.0000000180025095e-35 0.13776479291666668 1.656527777777778 31225.000000000004 75.855833333333351 93.78388888888891 1.0170992382354631 13.514263300784213 1.0000000180025095e-35 1.496388888888889 5.4612500000000006 59425.000000000007 0.6142199264175866 108.40597222222223 0.56836542994196415 1.5932993232766222 1.3958839162969146 0.82411819018822141 254.17638888888891 162.34097222222223 31925.000000000004 2.1455810265282591 1.8268701785486259 53.66180555555556 0.53126551638530295 47.420972222222225 26.986527777777781 2.4241311361138176
decision_type=2 2 2 2 2 2 2 2 2 2 2 2 2 2 2 2 2 2 2 2 2 2 2 2 2 2 2 2 2 2
left_child=4 2 3 10 11 6 -5 8 -8 12 -2 -1 14 15 16 27 -7 22 19 -17 -20 -21 -16 24 25 -4 -27 28 29 -14
right_child=1 -3 23 5 -6 9 7 -9 -10 -11 -12 -13 13 -15 17 18 -18 -19 20 21 -22 -23 -24 -25 -26 26 -28 -29 -30 -31
leaf_value=-0.017743692265951638 0.0045388014325589438 0.039944648170708974 0.028054788481907397 -0.035838399030925644 -0.047249849537109062 -0.014475285859408835 0.10193611512778274 -0.027546279112299444 -0.016071980775170885 -0.042660835352986204 0.033544222752956626 0.050854672534870221 -0.039429773926216674 -0.042192177209455783 0.025439738028508019 -0.014467362016759321 0.080812814446409476 0.011498536427955668 -0.029915429999485571 0.10336514184383327 0.040956264891400029 -0.0094794104607848987 -0.035983732353019153 0.021381664685634804 -0.027860835801917547 0.03881991877128585 -0.023456887005072324 -0.030410633233058038 0.045465634249436712 0.021896401992280375
leaf_weight=2.8411155974608877 21.578633148688827 12.30376662313938 7.551674915011974 15.323240698548036 16.967056067485828 0.39728007023222989 0.64515220426255726 3.4420903334976174 0.47254942380823195 2.8224578493391155 7.74043084681034 0.48621695302426804 3.3985118657001312 5.1876749581424511 0.54657894134288953 0.40118517423979871 0.73111429467098787 14.508348040166309 1.3591163076926021 0.62119823257671669 0.52539883647114027 0.23317795345792547 3.3213588452199474 26.176479861256666 3.6404829248785964 0.57160449307411898 4.3891753164352849 3.9703771885833703 2.1243412123294547 1.5667188664083367
leaf_count=1967 189 329 200 13748 33736 145 611 3688 448 461 106 120 2315 3519 28 272 25 863 547 256 63 189 795 445 120 33 749 2452 1483 280
internal_value=-0.000554858 0.00511047 0.00162035 -0.00444724 -0.0395182 -0.012851 -0.0269754 0.00389773 0.0680141 -0.00564486 0.0130502 0.00171595 -0.00195651 -0.0127474 0.00886819 7.77768e-05 0.0562256 0.00320852 0.0308001 0.0601243 -0.00280787 0.0840636 -0.023861 0.0144544 0.00263652 0.0129149 -0.0109723 -0.0104754 0.00306811 -0.0196523
internal_weight=165.845 145.55 133.246 90.9169 20.2944 61.5979 19.883 4.55979 1.1177 41.7148 29.3191 3.32733 38.8924 19.3877 19.5047 14.2 1.12839 18.3763 3.14008 1.25556 1.88452 0.854376 3.86794 42.3294 16.1529 12.5125 4.96078 11.0599 7.08957 4.96523
internal_count=70182 34359 34030 32483 35823 32188 18495 4747 1059 13693 295 2087 13232 11376 1856 7857 170 1686 1327 717 610 445 823 1547 1102 982 782 6530 4078 2595
is_linear=0
shrinkage=0.05


Tree=68
num_leaves=31
num_cat=0
split_feature=0 7 3 5 4 5 0 7 1 7 7 7 7 0 0 7 1 1 7 7 7 1 7 1 1 0 4 1 0 0
split_gain=14.7977 6.7635 6.47528 4.24354 3.32588 2.90497 2.49461 2.83793 3.66187 2.68655 3.52841 2.30523 2.15502 2.19154 2.03881 2.02316 1.98118 2.35871 2.10946 3.34377 1.97852 1.8786 2.07029 1.80136 1.55899 1.88821 1.51361 1.42013 1.32382 2.08135
threshold=15125.000000000002 0.13776479291666668 1.0000000180025095e-35 1.0000000180025095e-35 1.0000000180025095e-35 1.0000000180025095e-35 27525.000000000004 87.410833333333343 1.3958839162969146 27.254305555555558 25.17444444444445 1.656527777777778 126.93305555555557 44775.000000000007 36425.000000000007 1.496388888888889 2.1455810265282591 1.8268701785486259 1.8079166666666668 55.136527777777779 254.17638888888891 13.514263300784213 5.4612500000000006 0.865844351712585 5.5435667176802834 44775.000000000007 1.0000000180025095e-35 1.1639013424321558 54275.000000000007 649650.00000000012
decision_type=2 2 2 2 2 2 2 2 2 2 2 2 2 2 2 2 2 2 2 2 2 2 2 2 2 2 2 2 2 2
left_child=11 4 3 6 5 -2 -3 9 12 10 21 15 13 -9 -12 27 17 18 -4 -20 -10 22 -8 -7 -24 -26 28 -1 -18 -30
right_child=1 2 16 -5 -6 23 7 8 20 -11 14 -13 -14 -15 -16 -17 26 -19 19 -21 -22 -23 24 -25 25 -27 -28 -29 29 -31
leaf_value=-0.034459309508061177 -0.020099568748603309 -0.026644226150111923 -0.036550002360128557 -0.0256615876445777 0.043647761991924411 -0.0033418264333017335 0.014929435789163316 0.12991079295053704 -0.03126682593980621 -0.032570419845705204 0.10874991398397621 -0.047026901839709839 0.004896482609048008 -0.0085418351719002451 -0.010718755710576249 0.048660590440123809 0.037892853200368552 -0.029301376523933303 0.038661923873588896 -0.013503985139164129 0.041081385724730642 -0.033609350835339155 -0.03227735447442804 0.028585069860026697 0.062645190468026177 -0.020789691977539895 0.036626512365727878 0.031900057979939216 -0.009657831925585985 0.032462298165987565
leaf_weight=2.1765303449938109 4.6532463128678527 6.0921068552997886 1.052744068205359 25.20167154588853 13.094434967264531 5.7119619501754668 17.413099083409193 0.66477437980938636 1.5372192572103816 4.2248256996390401 0.25482319958973576 15.655774388316784 0.78744528710376471 0.20401138719171286 0.27100318716838956 0.51910064485855389 2.6523195817135283 3.7532408549450329 6.8555381904588995 4.3796954608988017 0.51718950399663288 2.2583035923889829 3.8856450923485673 15.959265020675955 0.2712470469996332 0.6958408085629344 11.072619114071131 0.22071672289166588 8.806174445548093 3.1953695192933074
leaf_count=1806 51 4986 16 22323 302 73 881 192 617 1973 53 32825 255 79 154 118 103 122 192 782 56 195 1268 205 6 209 131 130 189 17
internal_value=0.000993696 0.00644428 -0.000187277 -0.010093 0.0238481 0.0127623 0.000337115 0.00595768 0.0419767 0.00015647 0.00671448 -0.0398459 0.0808438 0.110225 0.0805061 0.000868214 0.0149369 0.000983415 0.0117426 0.018885 -0.00556656 0.00204017 0.00694508 0.0203938 -0.0193609 0.022562 0.023275 -0.020758 0.0114912 0.00319077
internal_weight=164.038 145.466 106.047 64.2792 39.4189 26.3245 39.0775 32.9854 3.71064 29.2748 25.05 18.5721 1.65623 0.868786 0.525826 2.91635 41.7677 16.0412 12.288 11.2352 2.05441 24.5241 22.2658 21.6712 4.85273 0.967088 25.7265 2.39725 14.6539 12.0015
internal_count=70309 35430 34799 33247 631 329 10924 5938 1199 4739 2766 34879 526 271 207 2054 1552 1112 990 974 673 2559 2364 278 1483 215 440 1936 309 206
is_linear=0
shrinkage=0.05


Tree=69
num_leaves=31
num_cat=0
split_feature=0 6 4 7 1 0 7 1 1 0 7 0 7 7 1 0 0 0 0 1 7 5 0 7 0 1 7 1 7 0
split_gain=13.7213 7.05977 5.47948 2.32312 2.11501 3.355 3.35689 2.524 2.17181 2.88741 1.90151 1.8827 2.56634 6.38191 3.01693 2.19973 3.07988 2.14725 2.11573 1.86612 2.38824 2.0146 1.72724 1.72117 1.68796 1.64628 1.56617 1.43395 1.42814 1.95163
threshold=15125.000000000002 2.5000000000000004 1.0000000180025095e-35 1.656527777777778 1.5932993232766222 40275.000000000007 26.143055555555559 2.8864952755145477 1.770756413769156 34225.000000000007 0.66319444444444453 41925.000000000007 75.855833333333351 93.78388888888891 1.0170992382354631 32675.000000000004 33075.000000000007 27825.000000000004 45475.000000000007 3.6810950955523771 0.055346931944444448 1.0000000180025095e-35 109250.00000000001 0.092348481944444463 67925.000000000015 0.44984831672970671 0.19925014750000003 0.91676428346608496 32.785972222222227 34625.000000000007
decision_type=2 2 2 2 2 2 2 2 2 2 2 2 2 2 2 2 2 2 2 2 2 2 2 2 2 2 2 2 2 2
left_child=3 2 4 10 11 6 -6 -7 9 -8 -1 12 -2 14 17 -15 -17 25 27 20 -4 26 -20 -23 -25 -14 -22 -13 29 -28
right_child=1 -3 19 -5 5 7 8 -9 -10 -11 -12 18 13 15 -16 16 -18 -19 22 -21 21 23 -24 24 -26 -27 28 -29 -30 -31
leaf_value=-0.029759321960790959 -0.02630020501777033 0.040255758271377264 0.042693303685724923 -0.046909032949035478 0.039211798552721354 -0.029568374440720704 -0.023345786226345488 0.00112093430379375 -0.029947667784948812 0.071951142648341335 0.032711238516757599 -0.015048024498155005 -0.0059424350757145347 -0.03873981280732864 -0.014875705851706467 0.086447525627380853 -0.022795506809509439 -0.0089203847751481973 -0.017549310093548643 0.029582720627006422 -0.021668873570673111 0.026790788469248331 0.042445774880335102 -0.041125182219892996 0.01476636609859425 0.13855588860512755 0.057052204647355123 0.060619144364979984 -0.00025437317696445319 0.0092874822077178461
leaf_weight=1.464342149964071 24.203219126386106 12.499989574775098 3.2886019274592426 15.02275297170854 8.6913355199794733 7.8400399876409201 0.86090680514462181 27.392788210709114 3.3692585094249807 0.60483703255886212 1.4103543444653039 0.39861051097977718 0.13442657102132105 3.4218075558892451 0.42243579134810716 0.099137359007727244 0.83293922274606302 0.21600672259228304 5.7930888124974445 15.930105871520935 2.3161139711737695 0.8834359422326078 0.47873238351894531 4.6819690167321824 1.2061145652551202 0.59008829819504172 2.8257406563498098 1.333078585041221 7.3361535368021569 5.9731202477123588
leaf_count=1156 14824 345 49 32903 1584 2825 620 2290 1976 125 887 211 115 3840 391 40 558 153 2751 285 15 10 132 722 69 442 135 427 252 118
internal_value=0.000590184 0.00582214 0.00225976 -0.0394817 -0.0050612 0.00184151 0.0221109 -0.00633567 -0.0100812 0.0292105 0.00142167 -0.0137555 -0.0193838 0.00945426 0.0768392 -0.0220522 0.0275532 0.104471 0.0071011 0.0163364 0.00818367 0.00222768 -0.00776258 -0.0193832 -0.0291947 0.123846 0.0107476 0.044069 0.0163939 0.0288839
internal_weight=161.522 143.624 131.124 17.8974 86.6827 48.7592 13.5263 35.2328 4.835 1.46574 2.8747 37.9236 29.9201 5.71684 1.36296 4.35388 0.932077 0.940522 8.00351 44.4414 28.5112 25.2226 6.27182 6.77152 5.88808 0.724515 18.4511 1.73169 16.135 8.79886
internal_count=70250 35304 34959 34946 33304 9420 4305 5115 2721 745 2043 23884 20363 5539 1101 4438 598 710 3521 1655 1370 1321 2883 801 791 557 520 638 505 253
is_linear=0
shrinkage=0.05


Tree=70
num_leaves=31
num_cat=0
split_feature=4 7 7 1 5 7 1 1 6 7 2 7 1 1 2 7 8 1 1 1 7 7 7 7 1 1 1 6 7 5
split_gain=8.48259 5.63304 4.98218 4.06666 2.42785 2.54522 1.93615 1.87654 2.46227 2.27781 2.12867 2.29449 1.74162 1.94331 1.49711 2.27895 1.43143 1.41298 3.22841 1.36332 2.82077 2.06093 1.73585 2.11804 1.82836 1.25606 1.21713 1.16823 1.51376 1.19685
threshold=1.0000000180025095e-35 4.9784722222222237 0.092348481944444463 0.77641497975964413 1.0000000180025095e-35 14.076666666666668 3.6810950955523771 0.3980479701867175 2.5000000000000004 4.3473611111111117 1.0000000180025095e-35 0.13776479291666668 3.4221855157369352 0.78246623516497893 1.0000000180025095e-35 157.31652777777779 54.959953956446519 0.60910969473822518 0.58594419639748319 1.3958839162969146 126.93305555555557 108.40597222222223 25.417361111111116 20.139583333333338 19.778839613637373 13.514263300784213 2.3585153611338732 1.5000000000000002 0.02546343388888889 1.0000000180025095e-35
decision_type=2 2 2 2 2 2 2 2 2 2 2 2 2 2 2 2 2 2 2 2 2 2 2 2 2 2 2 2 2 2
left_child=1 7 -2 -3 5 -5 14 -1 9 10 11 27 13 -6 15 -4 -8 18 -13 20 21 -7 23 -21 -24 26 -25 28 -9 -30
right_child=2 3 6 4 12 19 16 8 -10 -11 -12 17 -14 -15 -16 -17 -18 -19 -20 22 -22 -23 24 25 -26 -27 -28 -29 29 -31
leaf_value=-0.031183248152544998 0.048395160003468052 -0.038463962130581481 -0.00022689728228178095 -0.040156007220115551 0.042019898839225134 0.019351837877720782 0.03107152143095808 -0.027066213710635247 0.034041487425880305 0.05659686682795384 0.020187793149650794 -0.025292424850696379 0.020581368872955842 -0.032938768380316626 -0.035082966053656142 0.051317364688990397 -0.0043574258860563523 -0.026796203753200992 0.081784965828754705 -0.018904549583242183 -0.027190028482688672 0.098988493707633782 -0.018824235580326448 0.01148511863909922 0.024158404608642797 -0.0070996439229880611 0.087493691643730803 0.027215328836961813 -0.013011825209923942 0.015878381771856714
leaf_weight=2.4648242094553998 9.5004850970581156 16.173612545622746 22.780056943825919 2.3142499079112921 0.086693191551602378 3.9971470379387055 11.403887758031486 3.3948224155465203 6.1989083447260773 0.85998979621217486 9.1851920150220376 1.0117218430968922 1.2539395233616222 13.384396189794641 1.6233349165995594 1.3663010073360045 3.4090695064514867 11.775275126798077 0.1380744412599596 1.3080126855929877 1.1865819398080928 0.34198386486968946 10.431276872084707 1.2671993765688969 2.2403054339811197 0.68020067590987299 0.73097551043611009 3.4921247487072824 4.5436205457663137 9.5111209668684751
leaf_count=1860 247 29421 2236 1006 161 3584 218 47 189 637 61 1118 502 18227 88 140 55 4223 120 414 1133 268 3356 275 133 49 171 36 61 156
internal_value=0.00077911 -0.00710684 0.0175864 -0.0180913 -0.00894326 0.000863911 0.00938367 0.00458866 0.00692388 0.00242305 8.06809e-05 -0.00579527 -0.0242767 -0.029586 0.000896623 0.00461445 0.0231579 -0.0215534 0.0196279 0.0066907 0.0260648 0.0429929 -0.000848156 0.0244521 -0.0100138 0.0450089 0.0591988 0.00446959 -0.00131083 0.00629483
internal_weight=158.055 107.972 50.0831 55.3966 39.223 24.4979 40.5827 52.5757 50.1109 43.9119 43.052 33.8668 14.725 13.4711 25.7697 24.1464 14.813 12.9251 1.1498 22.1837 5.52571 4.33913 16.658 3.98639 12.6716 2.67838 1.99817 20.9417 17.4496 14.0547
internal_count=70192 67208 2984 58700 29279 10389 2737 8508 6648 6459 5822 5761 18890 18388 2464 2376 273 5461 1238 9383 4985 3852 4398 909 3489 495 446 300 264 217
is_linear=0
shrinkage=0.05


Tree=71
num_leaves=31
num_cat=0
split_feature=0 6 1 8 7 7 7 7 1 7 1 1 7 7 7 0 7 5 0 1 1 0 0 0 7 0 7 8 7 1
split_gain=12.1843 6.23475 3.36819 2.89444 2.36464 1.92574 2.94744 2.46239 4.37341 4.69591 3.00916 1.8257 1.819 1.52514 5.21073 1.47404 1.32557 4.65888 2.22233 2.04714 2.25208 1.35415 1.41613 1.92905 2.09704 1.63205 1.26188 1.26067 1.14227 1.1024
threshold=15125.000000000002 2.5000000000000004 3.4221855157369352 3117.8568602318633 1.656527777777778 27.254305555555558 25.885972222222225 75.855833333333351 0.83565609281928344 93.78388888888891 0.82411819018822141 0.44984831672970671 0.66319444444444453 113.20180555555557 108.40597222222223 17225.000000000004 0.092348481944444463 1.0000000180025095e-35 109250.00000000001 1.5932993232766222 1.6750292820551196 83325.000000000015 32275.000000000004 31225.000000000004 16.507500000000004 21025.000000000004 0.13776479291666668 4999.4668230833131 0.02546343388888889 0.78246623516497893
decision_type=2 2 2 2 2 2 2 2 2 2 2 2 2 2 2 2 2 2 2 2 2 2 2 2 2 2 2 2 2 2
left_child=4 2 5 -4 12 6 16 -7 9 11 -11 -9 -1 14 -10 -13 28 19 -19 21 -21 22 23 24 27 -26 -3 -18 -2 -17
right_child=1 26 3 -5 -6 7 -8 8 13 10 -12 15 -14 -15 -16 29 17 18 -20 20 -22 -23 -24 -25 25 -27 -28 -29 -30 -31
leaf_value=-0.029010982780644304 -0.0082275954660796357 0.046777005090702171 0.017204685089979091 -0.026368168610970064 -0.046670889363851824 -0.027460225790268907 0.055508052093107531 -0.0083386879997812934 -0.017542679937705512 -0.024906908146393424 0.065062743023319991 -0.0059704934305513458 0.032649702437241752 -0.028623901186635377 0.091223860348372196 0.13951477780675808 -0.04186403811989229 -0.034399782627510665 0.038201542173159048 0.080719192138797968 0.012560146298180275 0.030860060917407624 -0.030441054536101853 0.044224544376638426 0.05599642022864762 -0.018916339729683072 0.0044130692349470015 0.02128630609952201 0.016811492027978964 -0.0040115253062780951
leaf_weight=1.3769522028742387 5.8334606969729093 9.0979977920651418 39.302686981391162 3.3204697938635936 13.895312128035583 14.922328418731924 1.4435103777213942 0.19946385553339441 4.2010472012334485 2.4487111103080683 0.27235630428185675 0.13131731969770044 1.4131852010614236 6.7491974994773045 0.4018426373368128 0.58066306769615039 2.8311899930122331 12.085675890732087 0.33364015707047734 0.50426862161839281 9.5304010142572206 1.1043178722611617 4.7957570644211955 1.1171864225761963 0.71489497440052197 0.59935011912602931 2.3980684522539368 0.33953552664024744 13.940080685075371 0.08652966795489192
leaf_count=1139 60 306 2350 34 32888 10578 628 163 2096 2119 70 77 910 3714 161 319 1168 8406 113 90 877 79 851 66 375 362 29 6 127 53
internal_value=0.000359803 0.00528794 0.00197589 0.0132836 -0.0387519 -0.00377173 0.00179991 -0.0137482 0.000692293 0.0415968 -0.000836787 0.0998065 0.00259412 -0.0149911 0.00653969 0.116437 -0.000630875 -0.00656449 -0.029748 0.0075311 0.02299 -0.00671553 -0.0130637 0.00416991 -0.0120513 0.0284214 0.0390003 -0.0316193 0.00938415 0.129659
internal_weight=155.971 139.286 127.79 42.6232 16.6854 85.1667 55.1733 29.9935 15.0711 3.71904 2.72107 0.997974 2.79014 11.3521 4.60289 0.79851 53.7298 33.9562 12.4193 21.5369 10.0347 11.5022 10.3979 5.60216 4.48497 1.31425 11.4961 3.17073 19.7735 0.667193
internal_count=70214 35277 34942 2384 34937 32558 13208 19350 8772 2801 2189 612 2049 5971 2257 449 12580 12393 8519 3874 967 2907 2828 1977 1911 737 335 1174 187 372
is_linear=0
shrinkage=0.05


Tree=72
num_leaves=31
num_cat=0
split_feature=0 6 1 7 5 7 7 8 7 7 1 1 1 1 1 1 1 7 0 1 7 0 0 7 1 4 7 1 1 0
split_gain=11.1623 6.33741 3.69847 2.95989 3.39433 2.32901 1.85594 1.63135 1.71184 2.07174 1.56792 2.04034 2.37487 1.78907 1.61088 1.47778 1.85143 2.4372 2.86253 1.3706 1.30791 1.52225 1.2231 1.21582 1.11259 1.03763 1.02141 1.01075 2.41583 1.31105
threshold=15125.000000000002 2.5000000000000004 3.6810950955523771 0.055346931944444448 1.0000000180025095e-35 1.656527777777778 1.496388888888889 2776.4796999257233 3.3530555555555561 20.139583333333338 0.82411819018822141 0.93814630809925625 1.1443275987643255 1.1639013424321558 0.6914501853229359 1.3697192400436193 1.3958839162969146 23.90388888888889 33075.000000000007 1.1639013424321558 3.9322222222222227 67925.000000000015 39775.000000000007 0.13776479291666668 1.5179127020292336 1.0000000180025095e-35 0.02546343388888889 0.51412455263421075 0.3980479701867175 24675.000000000004
decision_type=2 2 2 2 2 2 2 2 2 2 2 2 2 2 2 2 2 2 2 2 2 2 2 2 2 2 2 2 2 2
left_child=5 2 3 26 10 6 19 8 -4 -10 14 -12 -13 -14 25 -15 -17 18 24 -1 21 -20 -22 -3 -18 -5 -2 28 -6 -30
right_child=1 23 7 4 27 -7 -8 -9 9 -11 11 12 13 15 -16 16 17 -19 20 -21 22 -23 -24 -25 -26 -27 -28 -29 29 -31
leaf_value=-0.033676749208252803 -0.0035154224785820896 0.04658261482451205 0.0280468221507944 -0.01723461004854215 -0.030277770407030703 -0.04651790122898463 0.047239443214302179 -0.016099076628734728 -0.018865607458186891 0.014884282140972083 0.038477055443985039 -0.035258946867133899 0.062527325609053552 -0.023619464232876454 -0.046963949206239836 0.065866329600625939 -0.012924282301692328 -0.013602385528026934 -0.037501270056274939 0.031598671649843098 -0.020751874427331521 0.0083953949063202468 0.035267977803815458 0.0049264515197870069 0.053681618922013376 0.021248346905888126 0.022734607952166558 -0.024696721333893789 0.063119556423585313 -0.012463370177611496
leaf_weight=2.0232787415734528 5.1350619671866271 8.8976561557501537 16.288785716227721 3.2684757650713427 1.3823357307992439 13.25203471170971 0.54109901608899225 3.5480842166580251 5.1205637484672506 17.271027201612014 3.0150346966984207 3.0576283170667038 0.32017484356765891 3.5221357209375155 2.2100348177482374 0.29284115339396777 0.3286678758449878 10.102461984177351 2.3475025799125415 0.22522412985563267 0.59438198490534011 3.2959571905666962 2.567272586398758 2.4386308733373872 3.9129540552967228 1.97531260602409 10.398109655827284 26.600128410645993 0.76695479862974003 0.43418168561765924
leaf_count=1783 55 315 313 2212 1479 32887 112 37 510 1301 846 1403 122 1175 943 124 115 2501 145 133 97 87 373 30 420 129 76 19254 930 429
internal_value=-0.000125877 0.00452287 0.00120864 -0.00476771 -0.00915709 -0.0383339 0.00256014 0.0131432 0.0161636 0.00668971 0.000239348 0.0049803 0.00053033 0.00564585 -0.0190566 0.00275861 0.00752608 0.00409115 0.0177848 -0.0194239 0.000331943 -0.0134673 0.0222806 0.0387474 0.0470395 -0.00165685 0.0143689 -0.0218698 0.00600614 0.0425483
internal_weight=155.134 139.092 127.756 85.5276 69.9944 16.0416 2.7896 42.2285 38.6804 22.3916 40.8108 33.357 30.342 27.2843 7.45382 26.9642 23.442 23.1492 13.0467 2.2485 8.80511 5.64346 3.16165 11.3363 4.24162 5.24379 15.5332 29.1836 2.58347 1.20114
internal_count=70336 35421 35076 32915 32784 34915 2028 2161 2124 1811 10692 7408 6562 5159 3284 5037 3862 3738 1237 1916 702 232 470 345 535 2341 131 22092 2838 1359
is_linear=0
shrinkage=0.05


Tree=73
num_leaves=31
num_cat=0
split_feature=0 6 4 8 1 7 7 7 7 0 7 3 7 7 1 0 7 1 1 7 1 1 7 1 0 8 1 7 7 0
split_gain=10.1634 5.97385 3.8021 2.34903 3.05837 2.29537 1.67684 1.48293 1.4643 2.57165 2.2781 2.83544 2.37695 1.6221 4.16768 3.88717 1.52938 1.52133 1.9709 1.51236 1.43476 1.43346 1.42163 1.38344 2.8227 1.85168 1.35122 1.33119 2.60041 2.22789
threshold=15125.000000000002 2.5000000000000004 1.0000000180025095e-35 44.959296728050845 13.514263300784213 1.656527777777778 1.496388888888889 168.37486111111113 75.855833333333351 33075.000000000007 4.9784722222222237 1.0000000180025095e-35 4.3473611111111117 93.78388888888891 1.0170992382354631 32675.000000000004 46.677500000000002 2.4241311361138176 1.1639013424321558 157.31652777777779 1.9891286160466968 1.6750292820551196 0.055346931944444448 13.514263300784213 138075.00000000003 2487.9729876761248 1.1639013424321558 21.574722222222224 27.254305555555558 40275.000000000007
decision_type=2 2 2 2 2 2 2 2 2 2 2 2 2 2 2 2 2 2 2 2 2 2 2 2 2 2 2 2 2 2
left_child=5 2 7 20 -5 6 26 8 10 13 12 -12 23 14 -10 19 17 18 -13 -15 22 -14 -4 24 -2 -26 -1 -24 -29 -30
right_child=1 -3 3 4 -6 -7 -8 -9 9 -11 11 16 21 15 -16 -17 -18 -19 -20 -21 -22 -23 27 -25 25 -27 -28 28 29 -31
leaf_value=-0.033360108717374444 -0.006483984545250553 0.03792444251766193 0.036556723586095984 -0.055073793634239789 0.0165850920016983 -0.046352180535314563 0.043902305382091597 -0.032645675094286376 0.10569761336383561 -0.0089043496556587449 -0.031372783472995873 -0.028046206992116157 0.077110273878501473 -0.034505115151173528 -0.019253203960961914 0.088386542532136375 0.023427549266730675 -0.028398764815928474 0.03302863450379747 0.034411408813090683 0.02439297445180949 -0.011879309859631336 -0.014699350448497493 -0.031256011272313124 0.036610782261633494 -0.011318769280809009 0.031483927889012997 0.053989742910311424 -0.025567976560357759 0.029355680255099045
leaf_weight=1.9680621470906769 29.152027168573113 10.707685785368083 1.9817645959556127 1.8953028910327692 2.350401483476162 12.613809652248163 0.59564034501090635 3.8564088474959126 0.92486311169341007 5.4254409353015944 15.05537126143463 1.2153318933560497 0.55561518430476908 2.2095610892283739 0.61666165426140651 0.083727653720416018 3.8306677215732643 4.4694565772078931 2.4430300034582615 0.18452807611902233 22.084214385831729 0.30792437260970473 7.7858542400062998 2.6143707721494129 6.5000870276708138 2.2185888839885592 0.22694451711140562 1.6716729878098702 3.7800442728330381 2.0268512925831601
leaf_count=1787 3423 340 34 71 31 32790 118 2705 634 2321 20028 89 307 2576 509 34 106 36 62 236 435 118 368 60 141 30 130 110 479 113
internal_value=-0.000690597 0.00376896 0.000571469 0.0123372 -0.0198045 -0.0378777 0.00255008 -0.00578007 -0.00405116 0.0134914 -0.00663436 -0.0176438 0.000805084 0.0394732 0.0678048 0.00741901 0.000727849 -0.0113651 0.011074 -0.0206197 0.0162119 0.0560314 0.00497306 -0.00169513 0.00109718 0.0245047 -0.0189001 -0.00112295 0.0130779 -0.00490103
internal_weight=151.352 135.947 125.24 43.5761 4.2457 15.4045 2.79065 81.6637 77.8073 9.44478 68.3625 27.0139 41.3486 4.01934 1.54152 2.47782 11.9585 8.12782 3.65836 2.39409 39.3304 0.86354 17.2462 40.4851 37.8707 8.71868 2.19501 15.2644 7.47857 5.8069
internal_count=70221 35396 35056 1641 102 34825 2035 33415 30710 6310 24400 20321 4079 3989 1143 2846 293 187 151 2812 1539 425 1104 3654 3594 171 1917 1070 702 592
is_linear=0
shrinkage=0.05


Tree=74
num_leaves=31
num_cat=0
split_feature=0 6 3 7 7 7 7 7 1 7 1 1 0 7 1 1 1 1 1 8 7 7 7 8 1 1 0 0 7 0
split_gain=9.30025 5.20003 4.57834 3.48826 2.60356 1.97028 3.78372 2.16729 2.06089 1.84377 3.97789 3.05677 2.02182 1.4006 1.31275 1.18675 2.49673 1.34158 1.14795 1.1127 2.07559 1.31594 1.26499 1.08512 0.997083 0.954081 0.938118 0.93182 0.907139 2.27868
threshold=15575.000000000002 1.5000000000000002 1.0000000180025095e-35 0.13776479291666668 1.656527777777778 5.4612500000000006 75.855833333333351 0.02546343388888889 2.0652914592683032 93.78388888888891 1.0170992382354631 1.3697192400436193 44775.000000000007 1.496388888888889 0.44984831672970671 0.71677338160572635 0.89791654251630304 0.3980479701867175 1.1639013424321558 17.256247568162582 17.698611111111116 716.72763888888892 4.5558333333333341 1566.3222023950627 0.5904594779144553 0.7941661369312657 20425.000000000004 57975.000000000007 0.19925014750000003 447175.00000000006
decision_type=2 2 2 2 2 2 2 2 2 2 2 2 2 2 2 2 2 2 2 2 2 2 2 2 2 2 2 2 2 2
left_child=4 2 5 25 13 7 -7 -2 9 10 14 27 26 18 -8 17 -17 -9 -1 21 -21 22 -4 -19 -15 -3 -13 -11 -18 -30
right_child=1 3 19 -5 -6 6 8 15 -10 11 -12 12 -14 24 -16 16 28 23 -20 20 -22 -23 -24 -25 -26 -27 -28 -29 29 -31
leaf_value=-0.028289160523852865 -0.032817602700032249 0.0092549762465650685 -0.0078103880998794855 -0.0081381155326700483 -0.046311626125960917 -0.028980734435128271 -0.0073868187588600328 -0.018213180749715771 -0.025440454293221216 -0.028518402327893044 -0.021866755524742262 -0.007283443047690203 -0.016996752661026383 0.061182769984979325 0.1014165965993869 -0.043866720471491268 0.0095120310405238315 0.04404679521638933 0.029995716417073506 0.023847690701356575 -0.015419101355964589 -0.012339391731180281 0.024538274749401401 -0.01577371657253519 -0.01172393641107872 0.046538121226639313 0.081692452316689868 0.021842013482987178 0.0026069079847932876 -0.043353991391832075
leaf_weight=2.2015058607212268 3.9582535941153756 2.7061988022178438 2.9713122860994252 4.7469480745494357 12.46934128628345 21.406774445698833 0.17303411936154389 0.85893519554519926 2.5288920398452319 3.6077836079639387 0.77170567342545826 0.17028097686124943 0.49188776838127513 0.34826485672965635 0.97834291058825329 2.13347600083216 20.114287968259305 3.2347061685577505 0.2496117359260096 4.4535165061242861 7.7897697070147842 2.706415500084403 23.644514078041539 0.39358742506010447 0.30392726883292198 10.273230338469146 0.87713012244785205 0.36854741058778007 14.227201269794024 2.300226980703882
leaf_count=1819 34 56 50 62 33723 19953 146 274 1309 3717 734 228 359 68 631 513 226 751 132 36 80 857 515 42 59 316 668 199 2549 70
internal_value=-0.00139186 0.00284175 -0.000969656 0.02735 -0.0367876 -0.00804056 -0.0175435 -0.00149375 0.00742235 0.0202853 0.0524208 0.00275517 0.047047 0.00344076 0.0892321 0.00204888 -0.00100559 0.0238164 -0.0153819 0.0122753 -0.000413536 0.0174123 0.0207749 0.0355516 0.0406753 0.0399827 0.070735 -0.0203995 0.00258909 -0.0058983
internal_weight=153.46 137.887 120.161 17.7264 15.5727 78.5951 31.3744 47.2207 9.9676 7.43871 1.92308 5.51563 1.5393 3.10331 1.15138 43.2624 38.7752 4.48723 2.45112 41.5655 12.2433 29.3222 26.6158 3.62829 0.652192 12.9794 1.04741 3.97633 36.6417 16.5274
internal_count=70176 34375 33941 434 35801 32403 27944 4459 7991 6682 1511 5171 1255 2078 777 4425 3358 1067 1951 1538 116 1422 565 793 127 372 896 3916 2845 2619
is_linear=0
shrinkage=0.05


Tree=75
num_leaves=31
num_cat=0
split_feature=0 4 7 1 6 1 0 8 7 0 0 0 1 0 8 1 6 0 7 5 0 7 0 8 7 8 1 7 7 1
split_gain=11.1672 5.45339 3.05201 2.50807 3.08067 2.30802 2.46464 2.19598 3.01081 2.08532 2.89924 3.97721 1.95198 1.9467 1.77477 1.59299 1.49715 1.57226 1.44866 1.44254 3.87694 2.59597 2.13124 1.37496 1.26854 1.38102 1.24074 1.41211 1.2276 1.20252
threshold=15275.000000000002 1.0000000180025095e-35 0.092348481944444463 0.3980479701867175 2.5000000000000004 0.46360801693205039 21775.000000000004 217.16070371010727 0.41152777777777783 649650.00000000012 59425.000000000007 31575.000000000004 0.7941661369312657 49375.000000000007 51.979481763690295 0.61866513056835648 1.5000000000000002 16025.000000000002 62.720833333333339 1.0000000180025095e-35 36825.000000000007 42.43555555555556 52225.000000000007 70.058000166246828 2.6197222222222227 238.39529921914217 0.83565609281928344 7.1393055555555565 20.139583333333338 0.67578533382629702
decision_type=2 2 2 2 2 2 2 2 2 2 2 2 2 2 2 2 2 2 2 2 2 2 2 2 2 2 2 2 2 2
left_child=-1 3 -3 -2 5 6 -5 9 -9 10 11 16 -13 26 -15 -12 17 -7 -17 20 28 -21 -22 -20 -10 -26 27 -4 -14 -29
right_child=1 2 13 4 -6 7 -8 8 24 -11 15 12 19 14 -16 18 -18 -19 23 21 22 -23 -24 -25 25 -27 -28 29 -30 -31
leaf_value=-0.039918047253605315 -0.045448571440322938 0.043288257506676475 -0.017315474105034336 0.084725190761791483 0.03294538025600325 0.023165279115525489 -0.017360422301059858 -0.036859119080479855 0.031670191030960797 0.021029210179482522 0.034315917402967931 -0.031230294642857526 0.0039210811722420079 0.026373929688947403 -0.0081184494149504887 -0.039490200876909957 0.01451662032936208 -0.025716970502647343 -0.019448769056102357 0.015724223724242443 -0.015737641813814398 -0.035508384026085409 0.0394746488704368 0.033483058813172678 0.033612500483970097 -0.021090593382168218 -0.0096056548426567672 0.0010949524829086113 0.079791419186385312 0.060938248882056158
leaf_weight=14.432491862273308 2.2801975223119362 8.8788542523980123 1.096143290982581 0.48203350900439446 5.2524316608905783 1.022553580958635 0.51510498556308448 1.6416236074874166 8.4745671168202517 4.5881447143619871 0.17444596439599891 1.5618338815984341 0.762339185283054 19.762451797025282 4.0560822163242838 11.91540031461045 2.4357256889343253 20.197139948490076 2.8070904129417609 8.5984951339196396 4.2986732076969929 2.3352195654879333 1.6134118071058763 0.81548288383055467 0.73224264752934631 2.4870024295814801 12.232276539492885 1.4547186439158397 2.3386557041085325 1.1129795131855642
leaf_count=35171 2005 250 86 485 144 1209 448 24 123 117 64 1195 166 448 70 2814 22 15765 1329 2582 1281 2296 291 11 22 252 631 258 553 108
internal_value=0.000405964 0.00494788 0.0181924 -0.00254441 -0.000879338 -0.00348596 0.0497025 -0.00477341 0.0130708 -0.00855032 -0.0110835 -0.00439353 0.0109103 0.0116565 0.0204097 -0.0288998 -0.0181866 -0.0224248 -0.0316415 0.0155433 0.0292698 0.00272343 0.00286092 -0.00286752 0.0224317 -0.00363049 -0.00189105 0.0204024 0.0666439 0.0368442
internal_weight=150.356 135.923 48.5935 87.3298 85.0496 79.7972 0.997138 78.8 13.3354 65.4646 60.8765 45.164 21.5086 39.7147 23.8185 15.7124 23.6554 21.2197 15.538 19.9468 9.01308 10.9337 5.91209 3.62257 11.6938 3.21925 15.8961 3.66384 3.10099 2.5677
internal_count=70220 35049 1851 33198 31193 31049 933 30116 421 29695 29578 25360 8364 1601 518 4218 16996 16974 4154 7169 2291 4878 1572 1340 397 274 1083 452 719 366
is_linear=0
shrinkage=0.05


Tree=76
num_leaves=31
num_cat=0
split_feature=0 4 0 7 7 3 1 8 1 0 1 1 7 1 1 1 7 5 7 7 1 1 1 8 1 8 1 0 0 1
split_gain=9.09433 3.36647 3.97897 3.62135 2.82781 2.15109 1.81396 1.69697 2.11895 1.81188 1.72845 1.53526 1.45541 1.35757 1.34507 1.33368 1.29327 3.6897 1.80892 5.74 1.54145 1.29345 1.65178 1.29009 1.36289 1.31178 1.26705 1.18216 1.1821 1.13808
threshold=19875.000000000004 1.0000000180025095e-35 21775.000000000004 0.092348481944444463 1.656527777777778 1.0000000180025095e-35 0.50945977126180186 44.959296728050845 13.514263300784213 52225.000000000007 0.78865356840480116 0.6142199264175866 1.496388888888889 0.7941661369312657 1.1833359861401052 0.83021112162956201 0.19925014750000003 1.0000000180025095e-35 108.40597222222223 113.20180555555557 3.4221855157369352 13.514263300784213 19.778839613637373 157.97120600351386 2.2923196064754543 2776.4796999257233 0.91001702058680511 24475.000000000004 9025.0000000000018 0.67094934155020003
decision_type=2 2 2 2 2 2 2 2 2 2 2 2 2 2 2 2 2 2 2 2 2 2 2 2 2 2 2 2 2 2
left_child=4 2 -2 -3 12 -6 -4 9 -9 10 29 27 13 -1 -15 -7 -13 18 21 -20 -19 23 -23 -18 26 -26 -25 -8 -14 -5
right_child=1 3 6 7 5 15 11 8 -10 -11 -12 16 28 14 -16 -17 17 20 19 -21 -22 22 -24 24 25 -27 -28 -29 -30 -31
leaf_value=-0.024959919455655042 0.040098017923525853 0.046667440864289866 -0.041601625188752683 -0.00019958929608812146 -0.043831347672777604 -0.026878636773220745 -0.014942332792413714 -0.044678116738099793 0.014873256141724314 0.023314696006126491 -0.0086612985764777245 0.0063089051203809345 -0.012707087345364722 0.034675680304996924 -0.017111641786617622 0.026785818336286706 -0.0083245595023168032 -0.035750204685183688 0.10974127971183539 -0.0026331005001240426 0.011042965610423727 -0.047249622115039053 0.0047158067443131245 0.019091498078314839 0.038007637218857297 -0.0015010247497756299 -0.037798577879444795 0.048181072463119257 0.065453304872943582 0.057130245116114975
leaf_weight=4.6852517914958316 4.617339856689795 7.2693887352943412 2.0057985248859032 1.5746516559738659 15.136040485900596 1.1128167743445367 0.50422414200147558 2.0930653043324119 2.1669959584251046 18.754889115458354 11.689585272921247 22.507988883415237 0.33827626379206766 1.7860328511451373 1.4514258936396798 1.5759475412778554 14.824755692447075 11.404524707002563 0.52225357282441009 4.3075567893101834 1.5793305766419496 2.4895079658017485 2.4280756016960368 0.89281938428757568 4.5492464851704426 3.2628445327281952 1.2998014012118799 1.5473164494032969 0.29860664095031098 0.90401527087669808
leaf_count=1704 2672 231 1679 174 39132 1437 264 67 28 435 546 310 65 386 223 362 5007 11886 58 1509 552 187 176 41 104 33 72 803 87 68
internal_value=-2.73525e-06 0.00574813 -0.000499876 0.0165834 -0.0260844 -0.0369223 -0.00352882 0.00963369 -0.0173171 0.0135286 -0.00010847 -0.00191547 -0.00201382 -0.00977772 0.0128992 0.00330984 -0.00338146 -0.00800288 0.000740803 0.0262579 -0.0296757 -0.00412148 -0.0251305 0.000851296 0.0139688 0.0232085 -0.0159093 0.0328542 0.0415378 0.031122
internal_weight=149.58 123.196 78.7434 44.4526 26.3844 17.8248 74.126 37.1832 4.26006 32.9231 14.1683 72.1202 8.55959 7.92271 3.23746 2.68876 70.0687 47.5607 34.5769 4.82981 12.9839 29.7471 4.91758 24.8295 10.0047 7.81209 2.19262 2.05154 0.636883 2.47867
internal_count=70298 26902 25353 1549 43396 40931 22681 1318 95 1223 788 21002 2465 2313 609 1799 19935 19625 7187 1567 12438 5620 363 5257 250 137 113 1067 152 242
is_linear=0
shrinkage=0.05


Tree=77
num_leaves=31
num_cat=0
split_feature=0 4 7 7 7 7 5 7 7 7 7 3 3 0 7 2 7 0 0 0 0 8 7 6 0 0 0 6 7 3
split_gain=8.14287 4.02607 2.9805 2.94036 2.48159 3.67871 2.7569 3.3343 2.92504 3.709 2.96079 2.16532 2.00447 1.73222 1.62167 1.61713 4.00973 2.90541 2.50616 1.47799 1.47728 1.40454 1.27053 1.53136 1.26195 1.18016 0.976809 0.925135 0.877148 1.22239
threshold=19875.000000000004 1.0000000180025095e-35 1.656527777777778 0.092348481944444463 4.9784722222222237 4.3473611111111117 1.0000000180025095e-35 46.677500000000002 113.20180555555557 108.40597222222223 88.841527777777785 1.0000000180025095e-35 1.0000000180025095e-35 49375.000000000007 87.410833333333343 1.0000000180025095e-35 0.13776479291666668 59425.000000000007 649650.00000000012 20625.000000000004 649650.00000000012 54.959953956446519 1.496388888888889 5.5000000000000009 57975.000000000007 9025.0000000000018 12175.000000000002 1.5000000000000002 22.024444444444448 1.0000000180025095e-35
decision_type=2 2 2 2 2 2 2 2 2 2 2 2 2 2 2 2 2 2 2 2 2 2 2 2 2 2 2 2 2 2
left_child=2 4 22 -3 5 15 7 19 9 10 12 -4 14 -5 -9 16 17 27 -18 -6 -8 -15 23 -1 -7 -24 -27 -2 -21 -30
right_child=1 3 11 13 6 24 20 8 -10 -11 -12 -13 -14 21 -16 -17 18 -19 -20 28 -22 -23 25 -25 -26 26 -28 -29 29 -31
leaf_value=-0.018207298468121549 0.010502312495726307 0.046018738192785028 -0.043560466967690253 -0.0025303731567710794 0.038213069062855806 0.088195368839970922 -0.033955167512913186 -0.029960692595800621 -0.011493776870447329 0.10535452944873538 -0.033121171784429915 0.0041156552361596242 0.049098747864358146 0.024788602751768685 0.044749586658957251 0.021159392258128285 -0.034633460518100533 -0.020938872642664044 0.024861608953678695 -0.03974322424871346 0.025313337759230066 -0.0062774789283252669 -0.013127940375252412 0.028623758850194532 -0.0087431944872221837 0.08243598152557069 -0.0079628679730239914 0.035906877044454624 0.017385657315560389 -0.02387216126879995
leaf_weight=6.5355345697025786 11.285109860822564 6.6344422847032538 14.463376200670611 13.943850066512821 0.13351350533776241 0.76274538732832198 11.183213222800983 1.4903151437756585 5.1649931551655754 0.55771666951477517 1.4523430248955262 2.621900147147243 3.7331456774845719 19.299388224957514 0.055345117638353147 8.8660654891282302 9.3796106190420652 4.7674887645989648 1.3852912792935974 4.3639386080321838 0.43901917734183449 4.0024453366640946 0.35348332440480579 1.3166220859857274 0.20883077022153884 0.1323054600507021 0.18823758215876296 5.3458224516361943 1.9652166535961439 3.8552075522020459
leaf_count=2304 103 222 39045 781 129 246 14190 1524 1849 67 510 1798 54 459 30 59 2637 31 26 1705 7 69 69 56 76 23 63 129 1881 53
internal_value=0.000115701 0.00561087 -0.0249315 0.0174978 -0.00135468 0.00673458 -0.0111442 -0.000722793 0.0161318 0.0347326 0.0160108 -0.0364211 0.0326505 0.0113471 -0.0107576 0.00344274 -0.00193176 0.0105416 -0.0255148 -0.0206945 -0.0298883 0.0194138 -0.00050165 -0.00800836 0.0734929 0.0394931 0.06352 0.0202417 -0.0248143 -0.0094352
internal_weight=145.887 120.275 25.6115 43.8801 76.3949 42.001 34.394 22.7717 12.4539 7.28887 6.73115 17.0853 5.27881 37.2457 1.54566 41.0294 32.1633 21.3984 10.7649 10.3179 11.6222 23.3018 8.52618 7.85216 0.971576 0.674026 0.320543 16.6309 10.1844 5.82042
internal_count=70195 26837 43358 1531 25306 3307 21999 7802 4034 2185 2118 40843 1608 1309 1554 2985 2926 263 2663 3768 14197 528 2515 2360 322 155 86 232 3639 1934
is_linear=0
shrinkage=0.05


Tree=78
num_leaves=31
num_cat=0
split_feature=0 7 6 7 0 1 1 5 7 7 0 0 1 1 5 0 8 7 1 2 7 0 7 1 7 7 0 0 7 7
split_gain=8.78838 3.61221 2.97922 3.13735 3.03971 2.43546 2.15009 2.05548 3.53941 2.44186 2.01852 4.13782 3.58022 2.49238 1.91708 1.69038 2.33783 1.65211 2.83984 1.4744 2.20599 1.65122 1.35056 1.35896 1.67834 1.3475 1.77903 1.85487 1.26394 1.82774
threshold=20225.000000000004 1.656527777777778 1.5000000000000002 0.13776479291666668 21025.000000000004 3.4221855157369352 2.2923196064754543 1.0000000180025095e-35 0.055346931944444448 0.13776479291666668 27525.000000000004 36825.000000000007 0.78246623516497893 0.46360801693205039 1.0000000180025095e-35 100425.00000000001 2776.4796999257233 3.3530555555555561 13.514263300784213 1.0000000180025095e-35 89.951944444444464 83325.000000000015 39.132361111111116 1.5932993232766222 32.108055555555559 0.66319444444444453 10675.000000000002 6625.0000000000009 3.9322222222222227 22.673333333333336
decision_type=2 2 2 2 2 2 2 2 2 2 2 2 2 2 2 2 2 2 2 2 2 2 2 2 2 2 2 2 2 2
left_child=1 14 4 -4 -2 7 -3 9 -9 -6 13 12 -12 -11 -1 -7 17 -17 -19 20 22 -21 23 24 -13 -16 27 -27 -25 -30
right_child=2 6 3 -5 5 15 -8 8 -10 10 11 19 -14 -15 25 16 -18 18 -20 21 -22 -23 -24 28 -26 26 -28 -29 29 -31
leaf_value=-0.035793637158276652 0.054577726199581095 -0.042498283764778148 0.042039568860590598 -0.0072727494499735569 -0.037988053788047912 0.029151442766216836 0.02494247396389675 0.011914813025059303 -0.025983225330480888 0.040304425639655223 -0.026492437366943723 -0.025291714860768939 0.053047830917798924 -0.034005245776519366 -2.0074849686525574e-05 0.022260091936376195 -0.03474334601186304 -0.022861508296191629 0.016888617246561367 -0.04304677139362463 0.037970674074042497 0.012804674300521466 -0.026462136896549106 -0.0063945064119031907 0.04150195002900562 -0.011210018220709302 -0.015474541488723315 0.097847133244355608 0.05880093558467854 -0.010218789771302896
leaf_weight=1.9673010963597342 1.8074790929094877 16.005487136164451 9.5028842948377115 4.276495559141039 2.2365910103544584 9.0304766406770778 0.6362987263710228 8.2250109687447566 18.884860532562016 0.54352812637807701 1.0792366644018345 3.6326504844473697 6.9994001709274016 4.1886664797202684 6.9866930868010968 12.826585471397271 2.3210190306417635 7.2298156099859652 8.9006020100787264 2.5430239092092952 3.2983996324473983 1.5240984058473257 3.3461975061800322 2.13325888174586 0.2342777766752987 0.28796546568628378 0.44642442796612158 0.35230256331851706 2.0018298779614274 1.0284477517707271
leaf_count=644 1165 40907 339 55 34 789 443 50 15070 204 473 803 1478 2084 1087 228 27 811 474 234 545 29 729 144 55 225 376 220 274 193
internal_value=0.000347985 -0.0250253 0.00625774 0.0272787 0.00323976 0.00181187 -0.038652 -0.00440167 -0.0144703 0.00362943 0.00753576 0.0127366 0.0406743 -0.0199279 -0.000984791 0.0112292 0.00531195 0.00957514 -0.0012223 -0.000105499 0.00707687 -0.0237207 -0.00337946 0.00695917 -0.0135491 0.0105074 0.0457653 0.0718668 0.0220241 0.038653
internal_weight=144.477 26.6825 117.795 13.7794 104.015 102.208 16.6418 61.8995 27.1099 34.7896 32.553 27.8208 8.07864 4.73219 10.0407 40.3085 31.278 28.957 16.1304 19.7422 15.6751 4.06712 12.3767 9.03046 3.86693 8.07339 1.08669 0.640268 5.16354 3.03028
internal_count=70189 43902 26287 394 25893 24728 41350 22399 15120 7279 7245 4957 1951 2288 2552 2329 1540 1513 1285 3006 2743 263 2198 1469 858 1908 821 445 611 467
is_linear=0
shrinkage=0.05


Tree=79
num_leaves=31
num_cat=0
split_feature=0 6 4 8 7 0 0 8 0 8 7 3 5 7 0 7 7 7 7 7 7 7 7 7 7 7 0 0 0 7
split_gain=10.5091 4.973 3.47503 1.74837 3.95424 1.9348 3.79592 3.09062 2.9035 1.59816 1.57442 2.04806 1.81554 1.42258 2.70134 1.35636 5.78375 1.26786 1.26399 1.26027 4.31442 2.50196 3.82865 1.49958 1.22648 1.40245 1.20877 1.52696 2.65144 1.08017
threshold=15125.000000000002 2.5000000000000004 1.0000000180025095e-35 1146.7097124840948 0.41152777777777783 50225.000000000007 447175.00000000006 11.410946739892816 31575.000000000004 70.058000166246828 0.092348481944444463 1.0000000180025095e-35 1.0000000180025095e-35 0.41152777777777783 59425.000000000007 75.855833333333351 93.78388888888891 157.31652777777779 29.274444444444448 17.138750000000005 27.254305555555558 108.40597222222223 126.93305555555557 0.092348481944444463 68.855694444444467 22.442916666666672 16025.000000000002 19875.000000000004 21575.000000000004 0.13776479291666668
decision_type=2 2 2 2 2 2 2 2 2 2 2 2 2 2 2 2 2 2 2 2 2 2 2 2 2 2 2 2 2 2
left_child=-1 2 3 5 -5 8 9 18 15 -7 -4 12 13 -12 17 26 -17 -15 -8 23 -21 -22 -23 -10 25 -13 -2 -28 -29 -3
right_child=1 29 10 4 -6 6 7 -9 19 -11 11 24 -14 14 -16 16 -18 -19 -20 20 21 22 -24 -25 -26 -27 27 28 -30 -31
leaf_value=-0.042574095375545865 0.021024121780964682 0.045297837931303077 0.036875121416570837 -0.040081810127182364 0.027160569153828858 -0.036715782854052123 0.008613692294246229 -0.028046921506008245 0.012983978499656233 0.0044713284175729251 0.024735659857990627 0.0072887376405534332 -0.026656316410803467 0.0010931624591004449 -0.038964790569487123 0.068840558870699176 -0.026837726134128749 0.047795156482049496 0.058631163133726606 0.074065906275149487 -0.017969134958741022 0.088165612460253617 -0.01205898614522798 -0.024469357172868175 0.002012157485571541 0.044555727875421024 -0.042953487634628279 0.025430491927135673 -0.021928527333098899 0.0050789216490375252
leaf_weight=12.350336462550329 1.0812241184758082 7.2774538509547693 4.856320133432745 1.8688426206354041 8.829962974181397 15.094161892804555 3.3843854260630897 2.5343442647135817 6.786193126812579 2.5214922018931238 5.4467169884592357 4.6416532099246997 4.6115071331150821 6.8922746910830011 2.9015313177369535 1.5178480464674056 3.3050952170160599 0.85852753021754313 1.5211029362399129 2.1309383245534246 4.5808830254827626 0.76402544853044707 1.6273007323616182 3.0693751250510104 5.8516958770342162 6.0709470212459564 4.8362366296642021 2.9448811169422688 11.696447624271967 2.4358599334955215
leaf_count=34935 1334 323 95 25 208 5630 142 72 44 187 59 46 796 349 148 1087 4389 15 54 1198 3082 321 953 1705 76 65 4522 1702 6748 31
internal_value=-0.000287147 0.00396165 0.00108953 -0.00501843 0.0129927 -0.00794034 -0.0187565 0.0102435 -0.00154955 -0.0308968 0.0125484 0.00849837 -0.00205819 0.0061347 -0.00468286 -0.0124038 0.00992472 0.0111368 0.0314252 0.0128754 0.0252848 0.00295529 0.0365178 0.000140091 0.0210631 0.0304093 -0.0178593 -0.0209391 -0.0113861 0.0366274
internal_weight=144.29 131.939 122.226 80.0947 10.6988 69.3959 25.0555 7.43983 44.3404 17.6157 42.1312 37.2749 20.7106 16.0991 10.6523 25.3817 4.82294 7.7508 4.90549 18.9587 9.10315 6.97221 2.39133 9.85557 16.5643 10.7126 20.5588 19.4776 14.6413 9.71331
internal_count=70341 35406 35052 33403 233 33170 6085 268 27085 5817 1649 1554 1367 571 512 19782 5476 364 196 7303 5554 4356 1274 1749 187 111 14306 12972 8450 354
is_linear=0
shrinkage=0.05


Tree=80
num_leaves=31
num_cat=0
split_feature=0 6 1 7 7 7 3 7 7 1 7 0 0 1 0 0 1 1 0 1 0 1 6 1 7 0 7 7 7 7
split_gain=7.85153 4.50642 3.43792 1.5215 1.28342 3.08074 1.56379 1.90688 2.07262 4.06665 2.15172 1.79615 1.71353 1.68151 1.97878 2.61179 1.63871 3.02228 1.42471 1.12147 1.1214 1.15123 1.11422 1.0175 1.82847 2.12547 1.22278 1.18643 0.991961 0.951581
threshold=15125.000000000002 2.5000000000000004 3.6810950955523771 0.13776479291666668 168.37486111111113 157.31652777777779 1.0000000180025095e-35 0.055346931944444448 75.855833333333351 1.3958839162969146 126.93305555555557 28975.000000000004 44775.000000000007 2.1455810265282591 27275.000000000004 20225.000000000004 0.6142199264175866 0.56836542994196415 17225.000000000004 0.44984831672970671 30525.000000000004 1.9891286160466968 1.5000000000000002 19.778839613637373 0.30074496361111119 75975.000000000015 68.26944444444446 60.061527777777783 1.656527777777778 114.81472222222224
decision_type=2 2 2 2 2 2 2 2 2 2 2 2 2 2 2 2 2 2 2 2 2 2 2 2 2 2 2 2 2 2
left_child=28 2 4 -3 5 6 7 -2 11 10 12 22 18 14 15 -8 17 -13 -10 -20 21 -18 -9 24 -4 -26 27 -27 -1 -28
right_child=1 3 23 -5 -6 -7 13 8 9 -11 -12 16 -14 -15 -16 -17 20 -19 19 -21 -22 -23 -24 -25 25 26 29 -29 -30 -31
leaf_value=-0.0066468824829393498 0.0056619895846805515 0.044945692161694618 0.026662266863532475 -0.0023917801595072126 -0.029828582628881578 0.062052086290266789 -0.021112630917719588 -0.03820393395225849 -0.011671709703349445 -0.035171814196860066 -0.021309967211302582 -0.023158208626496674 -0.015472135549347569 0.029799402210277576 -0.01464081860280874 0.047262439520159495 -0.015682462244045455 0.066356114416827608 -0.0085804485473729673 0.078605682975085911 -0.017979404417364342 0.043092364978409202 0.0086259877268322332 0.028651306310223879 0.024690321062395559 -0.0055396666309921001 -0.056312615657550337 0.038911667177061036 -0.045200093097582335 -0.0052839493014733563
leaf_weight=2.446220936253666 14.768860816955565 6.902056345716117 8.3042653147131187 2.0376740694046021 4.2536147347709621 0.7248352887108912 1.5214842486893783 11.589818943321003 0.30420630509615865 2.2343169717059936 0.73126526235137124 1.139877725887348 0.44502118683885772 4.6600377950817338 9.6056598714785633 2.6555479513481259 0.84563360115862696 0.88144813460530702 0.20689717278583009 2.4911695259215776 20.703488584345905 0.7600805155816488 1.0468458738178021 6.630436481034848 5.7267100421013337 14.430798311368562 1.0634855304379009 0.6638520300039098 9.3758293928694894 2.0588794390205294
leaf_count=2040 131 320 100 28 2600 375 107 13179 483 1826 837 867 369 72 181 96 644 194 251 1984 8502 86 12 279 497 969 103 36 32823 188
internal_value=-0.00103577 0.00264286 -2.71753e-05 0.0350007 -0.00584931 -0.00416605 -0.00558436 -0.00957287 -0.0147703 0.0102309 0.0366119 -0.0192626 0.0509276 0.00683675 -0.00241773 0.0230895 -0.0105811 0.0249195 0.0621766 0.0714076 -0.0147287 0.0179997 -0.0339764 0.0120285 0.00785178 0.000520499 -0.00796697 -0.00128852 -0.0383632 -0.0321086
internal_weight=141.21 129.388 120.449 8.93973 81.5701 77.3165 76.5917 58.1489 43.3801 6.41288 4.17856 36.9672 3.44729 18.4427 13.7827 4.17703 24.3305 2.02133 3.00227 2.69807 22.3092 1.60571 12.6367 38.8784 32.248 23.9437 18.217 15.0947 11.8221 3.12236
internal_count=70179 35316 34968 348 32796 30196 29821 29365 29234 5750 3924 23484 3087 456 384 203 10293 1061 2718 2235 9232 730 13191 2172 1893 1793 1296 1005 34863 291
is_linear=0
shrinkage=0.05


Tree=81
num_leaves=31
num_cat=0
split_feature=0 6 4 8 1 1 0 8 8 0 1 0 1 1 1 0 0 1 8 1 8 1 1 0 1 0 0 0 1 1
split_gain=6.91011 3.74749 1.96343 1.25703 1.76963 1.24705 1.18703 2.001 1.65663 3.08746 2.31064 2.41924 3.02101 1.86947 1.33977 1.62839 1.38572 1.28096 1.24917 1.80956 1.14147 1.11346 1.10829 1.10676 1.30144 1.10235 1.75086 1.07306 1.06031 3.23574
threshold=15125.000000000002 2.5000000000000004 1.0000000180025095e-35 44.959296728050845 13.514263300784213 3.6810950955523771 649650.00000000012 11.410946739892816 885.61210271637276 59425.000000000007 1.3055605105640784 30175.000000000004 1.4248524762884522 1.5932993232766222 0.61866513056835648 160850.00000000003 240300.00000000003 13.514263300784213 3117.8568602318633 5.5435667176802834 232.22051079264 1.5932993232766222 1.6750292820551196 21575.000000000004 2.0243905711506742 39225.000000000007 44775.000000000007 44025.000000000007 0.51412455263421075 0.3980479701867175
decision_type=2 2 2 2 2 2 2 2 2 2 2 2 2 2 2 2 2 2 2 2 2 2 2 2 2 2 2 2 2 2
left_child=-1 2 6 5 -5 -4 8 -8 9 10 28 21 27 -14 -11 -16 17 -17 -10 -20 -18 -12 -23 24 -24 -15 -27 -13 29 -2
right_child=1 -3 3 4 -6 -7 7 -9 18 14 11 12 13 25 15 16 20 -19 19 -21 -22 22 23 -25 -26 26 -28 -29 -30 -31
leaf_value=-0.033851159411501512 -0.030588091429362002 0.035005554221461489 0.0076975098113024696 -0.040496570018460583 0.014979834924354882 0.02725385373193244 0.037459019256378789 -0.015054346410716044 0.028545764272943114 0.031376428985508485 -0.036005618710073857 0.011733733843017213 -0.032611881787011708 0.034442422797335136 -0.046166091105129398 0.035755385585871997 -0.028062465027800132 -0.023899920135895633 0.018727439489007593 -0.031007273157995081 0.021774432961965306 0.033164210381973938 -0.02135863137708183 -0.02555125003396061 0.040167049961357296 -0.022521373448344234 0.021488404930468885 0.098704878708610652 -0.014476878841402672 0.048261479236061507
leaf_weight=11.352154656546189 1.5304913253057777 8.8107752017676813 25.998926818312611 1.7663193876505823 2.1954118814319372 11.784160282462834 3.6577599399024612 2.2609830524306744 5.4750379491597396 0.21699994130176747 1.9253996598417895 0.84869533375603967 1.1531159241567355 4.9560484553803672 6.0729215630854005 1.5676672842237152 7.0258469766704366 0.5478766583255491 3.2096944500226527 2.2464097188785672 0.58796165511012066 1.0307551630248779 0.6758315740735269 2.9440698607941158 1.0067566107318269 2.715481530118268 4.8413100239122286 0.6245167366869282 21.561328914860496 1.7752732596127314
leaf_count=34928 1952 350 1294 73 30 250 91 44 173 131 1987 429 771 1383 3188 293 624 61 80 19 26 387 540 1296 518 672 1310 213 15301 1741
internal_value=0.00192773 0.00526086 0.00284956 0.0115121 -0.0129309 0.0143424 -0.00173104 0.0181222 -0.00352651 -0.0066462 -0.000107472 0.0111652 0.022232 0.0120528 -0.0249234 -0.0275179 -0.0126601 0.0175937 0.0136625 -0.0033806 -0.0221328 -0.0109459 0.00171005 -0.0099462 0.0167048 0.0182777 0.00489 0.0736046 -0.0104411 0.0131303
internal_weight=142.366 131.014 122.203 41.7448 3.96173 37.7831 80.4582 5.91874 74.5395 63.6083 47.5891 22.722 15.1392 13.666 16.0193 15.8023 9.72935 2.11554 10.9311 5.4561 7.61381 7.58281 5.65741 4.62666 1.68259 12.5128 7.55679 1.47321 24.8671 3.30576
internal_count=70155 35227 34877 1647 103 1544 33230 135 33095 32823 28500 9506 4778 4136 4323 4192 1004 354 272 99 650 4728 2741 2354 1058 3365 1982 642 18994 3693
is_linear=0
shrinkage=0.05


Tree=82
num_leaves=31
num_cat=0
split_feature=6 1 1 7 3 7 7 4 5 1 1 1 7 7 1 1 1 1 8 1 7 1 7 7 7 1 1 1 2 1
split_gain=5.65914 5.13284 2.99807 2.46516 2.24183 3.99768 2.09293 1.6376 1.37827 1.63317 2.75152 1.83919 1.19794 2.49354 1.70104 3.7005 1.84689 1.22969 1.13787 1.00825 0.922259 0.892747 0.878941 1.64469 2.09413 2.27323 1.58197 1.83298 1.13158 1.34581
threshold=1.5000000000000002 1.9891286160466968 0.245948392767837 0.19925014750000003 1.0000000180025095e-35 4.7481944444444446 4.3473611111111117 1.0000000180025095e-35 1.0000000180025095e-35 0.93814630809925625 1.695958913690945 0.78246623516497893 0.02546343388888889 0.055346931944444448 0.6142199264175866 0.58594419639748319 1.4104383727894221 0.17057420008475085 51.979481763690295 0.46360801693205039 1.3712500000000003 0.43055830583058313 3.3530555555555561 18.267638888888893 26.143055555555559 19.778839613637373 13.514263300784213 2.1455810265282591 1.0000000180025095e-35 9.7268567054966599
decision_type=2 2 2 2 2 2 2 2 2 2 2 2 2 2 2 2 2 2 2 2 2 2 2 2 2 2 2 2 2 2
left_child=1 4 -2 -4 5 6 12 22 9 11 -11 19 -1 -14 15 17 -16 -15 -9 21 -17 -6 -3 -24 26 28 27 -25 29 -26
right_child=2 7 3 -5 8 -7 -8 18 -10 10 -12 -13 13 14 16 20 -18 -19 -20 -21 -22 -23 23 24 25 -27 -28 -29 -30 -31
leaf_value=-0.032273222431746393 -0.03920948538228855 0.0081398697681445004 0.042913218933177344 -0.0088758166514363284 -0.013686068039715059 -0.030552275203357078 0.057349066737740456 0.021896098010959358 -0.021030545852676996 -0.025669527574167756 0.031635794967086184 0.057925076387295653 0.021129521701714248 0.032828037378027523 -0.041044766808559723 -0.0062932816720198377 0.0011815240341381211 -0.027421796800817213 -0.007328571006385203 -0.021352194947817388 0.092552535450929951 0.049304947514740426 -0.032633817316700515 -0.017071931139979617 -0.017425272739255128 0.029949574801925501 -0.01448084367795021 0.063734139064135914 -0.043713494648884473 0.029040156686209535
leaf_weight=2.5887209035572658 0.70599432580638577 18.270296019705711 11.889355516526846 2.4243943698820649 0.37336372872232315 26.774828301335219 0.39670340670272608 19.826011933560952 3.0916027427010695 4.2795645698206499 2.4803736232570373 2.1368970859621186 7.1440366570604992 0.20662218504003238 5.2754486455523857 0.14073099941015232 4.3158726279216353 2.4943360086472239 3.4586387844756237 1.4734395504347046 0.34966152170090936 0.38661122799385339 3.7132913505192873 0.45511147138313379 5.470269805809945 1.9672950191888965 0.91370462893974025 1.9289386335003653 2.437282718194183 1.0866826892015522
leaf_count=63 241 630 498 52 606 52738 464 430 369 575 110 207 91 261 2998 50 705 2373 59 584 108 61 1150 115 3293 140 71 676 275 183
internal_value=0.000486196 -0.00311834 0.0284548 0.0341346 -0.0128642 -0.0177954 -0.00223352 0.00738445 0.00440119 0.0126166 -0.00327574 0.0332313 -0.00567745 -0.000845244 -0.0137686 0.0146792 -0.0237264 -0.0151879 0.0174321 -0.00100282 0.0789964 0.0281657 0.000634477 -0.00702213 0.001349 -0.00949168 0.0312069 0.0478219 -0.0202521 -0.00690075
internal_weight=138.456 123.436 15.0197 14.3137 63.9088 49.687 22.9121 59.5275 14.2219 11.1302 6.75994 4.37031 22.5154 19.9267 12.7827 3.19135 9.59132 2.70096 23.2847 2.23341 0.490393 0.759975 36.2429 17.9726 14.2593 10.9615 3.29775 2.38405 8.99424 6.55695
internal_count=70176 69385 791 550 62363 59851 7113 7022 2512 2143 685 1458 6649 6586 6495 2792 3703 2634 489 1251 158 667 6533 5903 4753 3891 862 791 3751 3476
is_linear=0
shrinkage=0.05


Tree=83
num_leaves=31
num_cat=0
split_feature=0 6 3 7 5 0 0 7 1 0 0 7 7 1 7 0 7 7 1 7 0 1 1 7 0 1 7 1 0 1
split_gain=7.33105 3.27255 2.31762 2.21869 2.83991 2.32619 3.65679 1.39927 1.30392 1.95778 1.54324 3.34285 1.42534 1.22732 1.12808 1.3672 1.19277 1.12643 1.09091 1.03996 1.02944 0.994284 0.990714 1.01671 2.6714 0.917099 0.881157 0.861421 0.815363 1.26187
threshold=15575.000000000002 2.5000000000000004 1.0000000180025095e-35 0.055346931944444448 1.0000000180025095e-35 27525.000000000004 33075.000000000007 1.656527777777778 13.514263300784213 49375.000000000007 59425.000000000007 3.0020833333333337 0.13776479291666668 19.778839613637373 0.092348481944444463 109250.00000000001 1.496388888888889 0.13776479291666668 0.51412455263421075 111.21250000000002 35075.000000000007 0.50945977126180186 3.4221855157369352 92.813611111111115 20625.000000000004 1.8875203576783794 4.7481944444444446 3.6810950955523771 55425.000000000007 2.4241311361138176
decision_type=2 2 2 2 2 2 2 2 2 2 2 2 2 2 2 2 2 2 2 2 2 2 2 2 2 2 2 2 2 2
left_child=7 2 3 25 5 -5 -7 -1 9 19 -11 -12 -10 28 -6 18 -17 -3 21 20 -8 26 23 -20 -25 -2 -16 -24 -4 -30
right_child=1 17 13 4 14 6 8 -9 12 10 11 -13 -14 -15 15 16 -18 -19 22 -21 -22 -23 27 24 -26 -27 -28 -29 29 -31
leaf_value=-0.0030097223082917834 0.0038199433702036409 0.043536444006122374 0.014802669052835962 -0.027605724084276258 0.0059621171346438996 0.043878424482042398 0.0028248039402461139 -0.04487633275933136 0.020982591921874905 0.035562949328085958 0.014068819839801718 -0.037789703750631218 -0.041277833460447839 0.031330594616306044 0.023864412596309198 0.042795022664152776 -0.019788296363300109 0.0017527471262602234 -0.042835706343534667 0.01497164675417296 -0.038808008713440999 0.045460452563236553 0.035155570677835903 0.050713365926167368 -0.032241792356494547 0.027781942122906342 -0.028265872557101054 -0.017078477979425643 -0.024426011477372285 0.0067065002560420615
leaf_weight=2.7007313619251354 11.778373854234816 5.7409013640135518 17.244523117609788 5.2580743153230278 2.8146353010088232 4.2743840736802658 1.9456266933120847 8.7280653830821375 0.55406310036778395 3.7863773757708286 13.444800051860513 2.9646806957316576 2.5123300766572356 5.7761666588485232 0.35206564486725866 0.57130061753559747 0.64749382407171652 2.2340512238442898 11.890990306244928 1.2281531376647761 3.9034179119043984 0.047511799493804463 0.29318757547298346 0.48922586764092502 1.8050922969123346 5.3643053323030463 1.2983366013504563 1.0585905573680063 3.242150888778272 12.990383506868964
leaf_count=2088 106 309 1194 4708 34 1198 291 33663 10 515 279 1572 409 57 311 33 485 28 14629 281 1352 54 109 917 2588 49 2248 281 48 249
internal_value=0.000626731 0.00422215 0.00198257 -0.00299649 -0.00745403 0.000521209 0.00544905 -0.036021 -0.00119243 0.00265281 0.0105499 0.00306713 -0.0276346 0.0117401 -0.0217572 -0.0260742 0.0156133 0.0333309 -0.0297167 -0.0183989 -0.0265688 0.00553099 -0.0336702 -0.0373461 -0.00452827 0.0124362 -0.0123371 0.00438186 0.00754923 -0.000568246
internal_weight=136.94 125.511 117.536 78.283 61.1403 39.8719 34.6138 11.4288 30.3394 27.2731 20.1959 16.4095 3.06639 39.2532 21.2684 18.4538 1.21879 7.97495 17.235 7.0772 5.84904 1.69791 15.5371 14.1853 2.29432 17.1427 1.6504 1.35178 33.4771 16.2325
internal_count=70095 34344 34007 32459 32304 10615 5907 35751 4709 4290 2366 1851 419 1548 21689 21655 518 337 21137 1924 1643 2613 18524 18134 3505 155 2559 390 1491 297
is_linear=0
shrinkage=0.05


Tree=84
num_leaves=31
num_cat=0
split_feature=0 6 7 7 1 1 0 1 1 0 1 1 0 0 1 0 1 7 0 0 0 7 0 1 0 0 0 7 8 1
split_gain=5.37442 3.33366 2.48562 1.65109 1.62047 2.42328 1.66019 1.27453 3.01405 1.88704 1.46419 1.57314 3.7481 2.34876 2.30563 1.30413 3.50778 2.53969 1.44017 2.57654 1.37884 1.23089 1.22929 1.33911 1.86512 1.29508 1.24743 1.18874 1.15995 1.11765
threshold=15125.000000000002 2.5000000000000004 1.656527777777778 0.66319444444444453 0.3980479701867175 0.46360801693205039 23175.000000000004 1.1443275987643255 1.1734311656277974 109250.00000000001 1.3055605105640784 1.4248524762884522 32675.000000000004 56725.000000000007 1.5555230479162605 50225.000000000007 2.4241311361138176 26.143055555555559 27825.000000000004 22575.000000000004 33075.000000000007 0.13776479291666668 49375.000000000007 1.7200943396226418 34225.000000000007 20625.000000000004 39225.000000000007 4.5558333333333341 2776.4796999257233 1.7983167021544781
decision_type=2 2 2 2 2 2 2 2 2 2 2 2 2 2 2 2 2 2 2 2 2 2 2 2 2 2 2 2 2 2
left_child=2 4 3 -1 -2 6 27 9 -9 -7 -10 12 -12 -14 -13 17 -17 18 19 -16 -20 -3 23 24 -19 -25 -26 -6 -18 -22
right_child=1 21 -4 -5 5 7 -8 8 10 -11 11 14 13 -15 15 16 28 22 20 -21 29 -23 -24 25 26 -27 -28 -29 -30 -31
leaf_value=-0.025517703964931499 -0.032437971847884474 0.043567434040411204 -0.044506064284892698 0.036836915993777669 -0.0048405325874863112 -0.011140811778338531 -0.013094308088848983 0.06289195294976134 -0.022766548021369657 0.049042656341202175 -0.019579366822886194 -0.035008020775074221 0.082002141443061116 -0.012562398328857303 0.029108091735956649 -0.030480968817638694 0.0077667801251234394 -0.016236527125272765 0.057061238405983684 -0.036144758962184879 -0.020065725181163015 8.5909767726323398e-05 0.034945826447127903 0.022400123785250279 0.077978908750497011 -0.029506508288385792 -0.010733040197212834 0.087972872982307548 -0.018956483008673523 0.024955729820994262
leaf_weight=1.0396158129442477 2.5068445805227375 5.6653725998476139 8.0737510710023326 1.2978006554767487 0.30721529576112405 25.823052616877252 0.43659551214659575 1.1153747898060817 4.431535690178861 0.39009215257828955 1.7123293953191012 2.9530004144471595 1.8028820928302596 0.54631100519327436 2.3646715082286418 7.2221500278392332 38.859221208753297 1.2565662381530236 3.4892726745165401 1.7486114300263578 0.88903496670536686 2.1586815770715475 0.58793852129019875 0.67899774797842827 0.31863570387940843 6.3204229765105993 0.26153154933126643 0.71664206081186421 3.5660885954275718 6.8750334136420861
leaf_count=1141 2170 307 32888 915 71 14866 421 529 2323 52 1086 1696 540 208 625 1627 2888 659 357 381 228 29 67 507 105 2306 143 522 40 610
internal_value=0.000327874 0.00330121 -0.032533 0.00976731 0.00106026 0.00206666 0.0511609 0.000990937 0.00390723 -0.00847593 0.00242615 0.00405629 0.0310798 0.0628262 0.0022597 0.00418259 -0.000544909 0.0133042 0.0252573 -0.000275504 0.0338508 0.03294 -0.00673935 -0.0127838 0.018559 -0.0223004 0.056504 0.0714923 0.00513573 0.0180992
internal_weight=135.415 125.004 10.4112 2.33742 117.18 114.673 1.46045 113.213 86.9996 26.2131 85.8842 81.4527 4.06152 2.34919 77.3912 74.4382 49.6475 24.7907 15.3666 4.11328 11.2533 7.82405 9.42409 8.83615 1.83673 6.99942 0.580167 1.02386 42.4253 7.76407
internal_count=70307 35363 34944 2056 35027 32857 1014 31843 16925 14918 16396 14073 1834 748 12239 10543 4555 5988 2201 1006 1195 336 3787 3720 907 2813 248 593 2928 838
is_linear=0
shrinkage=0.05


Tree=85
num_leaves=31
num_cat=0
split_feature=6 1 1 1 7 7 1 7 7 1 1 7 4 8 8 3 1 7 7 7 7 7 5 1 1 7 1 7 7 7
split_gain=4.11654 3.13836 5.02462 1.83165 1.38366 2.42095 2.90151 1.43041 4.30157 2.82562 2.21875 1.3762 2.03027 1.97224 2.58776 2.12113 2.037 1.24206 2.09862 1.20205 1.13458 1.54325 1.09262 1.41767 2.12259 1.0851 1.56717 1.05802 1.02843 1.24387
threshold=2.5000000000000004 1.1443275987643255 1.1734311656277974 0.32330049082236523 2.2776388888888892 1.3712500000000003 0.6142199264175866 75.855833333333351 93.78388888888891 0.78246623516497893 0.44984831672970671 48.38944444444445 1.0000000180025095e-35 64.981587408829498 44.959296728050845 1.0000000180025095e-35 2.2923196064754543 23.489444444444448 19.645833333333339 157.31652777777779 17.41416666666667 0.02546343388888889 1.0000000180025095e-35 0.68605665860113152 0.93814630809925625 0.092348481944444463 1.6104177053898876 4.7481944444444446 53.66180555555556 21.574722222222224
decision_type=2 2 2 2 2 2 2 2 2 2 2 2 2 2 2 2 2 2 2 2 2 2 2 2 2 2 2 2 2 2
left_child=1 4 20 -2 5 -1 -7 22 9 10 -9 12 -4 14 15 19 -17 18 25 -13 21 -3 23 -6 28 -14 -27 -24 29 -25
right_child=3 2 11 -5 7 6 -8 8 -10 -11 -12 13 17 -15 -16 16 -18 -19 -20 -21 -22 -23 27 24 -26 26 -28 -29 -30 -31
leaf_value=-0.0089338840704893518 -0.026318094741858311 -0.007811935744470172 -0.00033371785897889005 0.041356309364188049 -0.032866654058783827 0.079786950787702773 -0.012327983163675615 -0.012722820278148498 -0.023679784638955283 -0.01995113732956888 0.095421443761983679 -0.035403144079871475 0.040205314402218889 0.035501467935291207 -0.064414824181946717 -0.020121307943301182 0.02095724555028575 0.037626761812445814 -0.028273013247416712 0.0095984273732935485 0.0084997120282822337 0.11903747472890316 0.0089521667375785981 -7.8512543645325924e-05 -0.030740491561186009 -0.026974858112833157 0.01603028850652664 -0.044618688052311867 -0.016459357369652945 0.06197159799891129
leaf_weight=13.484225909487575 0.45465359126683225 0.14819353073835262 42.73099868017016 7.2917636246420443 3.1725080776086552 0.85762692173011545 1.1595846548734696 0.34048263888689634 5.7945090317662107 0.6583179760200436 1.0541325478843644 5.6007185720081987 2.9682969599962297 1.3799917787546281 1.1917639725725155 3.7040543585608248 7.6310756779857911 5.1147350131650446 2.0946779606165356 1.4443805993505519 0.65454658085945994 0.43491817080939654 0.69577738364750974 1.2705659363418824 1.4905104110657701 1.6167286790732749 11.39585266044014 7.5653560789651237 0.47460792012861919 1.2048158933175726
leaf_count=2189 179 3 10629 393 5576 557 574 853 10612 775 1037 6298 70 34 23 478 249 189 58 1272 633 188 1782 785 1409 95 247 21478 372 1079
internal_value=0.00164738 -0.000626939 0.00461088 0.0348295 -0.0122153 -0.000473252 0.0402992 -0.0195589 -0.00169815 0.0477797 0.0747317 0.00267404 0.00621114 -0.00823074 -0.0128901 -0.00639787 0.00699075 0.0177861 0.0104937 -0.0261307 0.0786101 0.102229 -0.0277646 -0.0117856 0.00654849 0.0169408 0.00914344 -0.0396273 0.0284017 0.0392641
internal_weight=135.08 127.334 88.1109 7.74642 39.223 15.5014 2.01721 23.7216 7.84744 2.05293 1.39462 86.8733 65.9213 20.952 19.572 18.3802 11.3351 23.1903 18.0756 7.0451 1.23766 0.583112 15.8741 7.61301 4.4405 15.9809 13.0126 8.26113 2.94999 2.47538
internal_count=70116 69544 20466 572 49078 3320 1131 45758 13277 2665 1890 19642 11288 8354 8320 8297 727 659 470 7570 824 191 32481 9221 3645 412 342 23260 2236 1864
is_linear=0
shrinkage=0.05


Tree=86
num_leaves=31
num_cat=0
split_feature=0 0 4 7 7 1 1 0 0 8 0 7 7 1 7 5 7 8 5 7 0 0 7 7 1 0 0 7 7 7
split_gain=5.26614 2.74222 2.71838 3.84316 2.3679 2.04116 1.87729 1.44918 2.13762 4.38751 2.49926 2.26042 4.93674 2.51517 2.30467 2.29492 2.20794 1.45029 1.42063 1.74553 1.5594 1.65965 1.32138 1.28325 1.25191 1.98397 2.45734 1.59623 1.59587 2.24983
threshold=19875.000000000004 21775.000000000004 1.0000000180025095e-35 0.41152777777777783 1.656527777777778 0.56323504077527631 2.2923196064754543 649650.00000000012 59425.000000000007 33.331158411182706 447175.00000000006 126.93305555555557 108.40597222222223 1.5932993232766222 42.43555555555556 1.0000000180025095e-35 0.41152777777777783 11.410946739892816 1.0000000180025095e-35 0.66319444444444453 10675.000000000002 6625.0000000000009 0.055346931944444448 1.656527777777778 1.695958913690945 49375.000000000007 27825.000000000004 4.3473611111111117 26.143055555555559 18.267638888888893
decision_type=2 2 2 2 2 2 2 2 2 2 2 2 2 2 2 2 2 2 2 2 2 2 2 2 2 2 2 2 2 2
left_child=4 -2 5 -4 18 -3 -6 8 11 10 -10 12 13 22 24 -14 -11 -9 -1 -20 21 -21 -7 -5 27 26 -26 -15 29 -28
right_child=1 2 3 23 6 7 -8 17 9 16 -12 -13 15 14 -16 -17 -18 -19 19 20 -22 -23 -24 -25 25 -27 28 -29 -30 -31
leaf_value=-0.031901433066535818 0.035886266075321825 -0.041910757959746095 0.035111488509566698 -0.029736977437223928 -0.039262203607348847 0.007531070479495439 0.024145851257739329 0.036142304353457215 -0.045309624107675112 -0.039498840297794713 0.0093065816016000193 -0.035650217137323637 0.10061002278890321 -0.0053251207598087255 -0.019391794035911018 -0.012364741087722897 0.017618382768536178 -0.010447077613421001 -0.0033467959658698291 -0.01020736719384014 -0.01340702342819225 0.097033858105850218 -0.019206869522682166 0.0054705161410492364 -0.022329487713940492 -0.018825984230871839 0.022482886932873737 0.091612743390884668 -0.020561139638963222 0.084099331238902897
leaf_weight=1.66850210982375 5.5594698345521456 2.2867574513365971 12.114931804127989 1.8743938490515599 12.317353620252103 6.3635110445320633 0.62298771986388679 3.6986717235995448 9.7496609023364744 1.0742358146235336 2.2251714904559767 2.4583525130874468 0.91466818295884766 0.46178188145859422 2.9969671852304591 0.32788888984941877 8.7854334829898999 2.0241729913977906 5.4768587151775137 0.2556716707185841 0.36541081612813286 0.35970843158429489 12.467191810079383 25.327840981190093 1.5063619139255013 2.3428596792218732 6.755924844735997 0.39280207085539587 0.56251765592605885 1.502851674769772
leaf_count=642 2772 2170 324 53 40516 69 423 93 3951 10 108 2120 205 76 1526 473 292 45 1075 220 356 212 9242 1051 449 385 641 255 293 294
internal_value=0.000180528 0.00448004 0.00255276 0.0128738 -0.0221907 -0.00343696 -0.0346964 -0.00151581 -0.00388948 -0.0160535 -0.0352257 0.00314232 0.00662722 0.00200636 0.0157598 0.0785781 0.00833116 0.0205608 -0.000656488 0.0106116 0.0508961 0.0737416 -0.0102471 0.00207612 0.0243477 0.0171053 0.0261988 0.0646044 0.0359155 0.0415675
internal_weight=134.841 113.774 108.215 39.3172 21.0665 68.8978 12.9403 66.611 60.8882 21.8345 11.9748 39.0537 36.5953 35.3528 16.5221 1.24256 9.85967 5.72284 8.12615 6.45765 0.980791 0.61538 18.8307 27.2022 13.5251 12.6705 10.3277 0.854584 8.82129 8.25878
internal_count=70341 26897 24125 1428 43444 22697 40939 20527 20389 4361 4059 16028 13908 13230 3919 678 302 138 2505 1863 788 432 9311 1104 2393 2062 1677 331 1228 935
is_linear=0
shrinkage=0.05


Tree=87
num_leaves=31
num_cat=0
split_feature=0 1 7 3 7 4 7 1 0 0 0 1 0 1 0 7 7 1 7 7 0 7 7 7 0 0 0 1 0 8
split_gain=5.20735 2.33682 2.04464 2.03498 1.54212 1.41026 2.54363 2.48881 1.79419 1.786 2.171 1.69602 1.55545 3.42331 2.39624 1.80356 2.15119 1.78453 1.52542 2.4107 1.62469 1.35362 1.97176 1.3914 1.28093 1.27283 1.92701 1.19489 1.12374 1.78459
threshold=20075.000000000004 0.42569104198411606 1.656527777777778 1.0000000180025095e-35 0.66319444444444453 1.0000000180025095e-35 0.092348481944444463 0.6968613855027278 49375.000000000007 59425.000000000007 109250.00000000001 1.1443275987643255 44025.000000000007 1.4248524762884522 37325.000000000007 26.143055555555559 108.40597222222223 3.0202711957266133 49.794722222222227 88.841527777777785 27825.000000000004 157.31652777777779 49.059166666666677 23.90388888888889 56725.000000000007 10675.000000000002 6625.0000000000009 0.83021112162956201 649650.00000000012 44.084513702993377
decision_type=2 2 2 2 2 2 2 2 2 2 2 2 2 2 2 2 2 2 2 2 2 2 2 2 2 2 2 2 2 2
left_child=2 -2 4 -4 -1 9 -7 -8 -9 11 -11 18 14 24 15 -13 -17 -15 -3 20 -20 22 23 -10 -14 26 -6 -5 -12 -30
right_child=1 5 3 27 25 6 7 8 21 10 28 12 13 17 -16 16 -18 -19 19 -21 -22 -23 -24 -25 -26 -27 -28 -29 29 -31
leaf_value=-0.01283969713693054 -0.039656080136016007 -0.012911841225411495 -0.041320998837098596 -0.024650939976543881 -0.014351373942818241 0.044097209160825226 0.055905977676277321 -0.010207077687277402 0.0066423164626112016 -0.031758319460409849 -0.0064132418812592037 0.028957371070380572 0.093054760360938057 -0.0091270385323781004 -0.019844207774572353 -0.028734240745398251 0.030675606899845588 0.038215002490180464 0.075172931990990066 -0.016374915743984943 -0.001457287190652787 0.043989502914805134 -0.01883376686553519 0.040194399656210029 -0.0069280672026932368 -0.0092554900254929063 0.082129487010180191 0.027939869671535139 0.036189310116664757 -0.01595460917404401
leaf_weight=6.3078124913736264 1.7891404750407662 12.026167962292673 10.491808662598485 0.93232079513836597 0.39919490297324933 5.1102841654792419 1.601473263115621 11.863195304700637 11.798377738101413 5.942116953548978 15.42502727310057 9.7319670830038429 1.388970633270217 3.9793924995174166 4.9590438001905559 3.0519888114067717 1.4752473740954881 2.4682289463817142 0.98602523011504617 1.9630344615725333 1.0040816979017106 2.1394153637811533 4.391872319392859 3.4671597233973435 0.2182769525097682 0.90629131012246944 0.51284471311373636 1.51137269398896 3.4834185973741105 1.8648634854471309
leaf_count=1350 1320 5708 39336 1450 300 216 154 587 267 2768 1633 2253 473 1459 1520 2666 1206 263 849 2008 825 24 117 103 53 517 305 368 91 44
internal_value=0.00139986 0.00572332 -0.0208336 -0.032458 -0.000800444 0.0068087 0.014133 0.00869407 0.00489965 0.00244296 -0.00755044 0.00864666 0.0160213 0.0332369 0.00751875 0.0177118 -0.00732755 0.0116938 -0.00414248 0.0197562 0.048953 0.0132088 0.00789143 0.0162654 0.082027 0.0307008 0.0544805 0.00654353 0.000514684 0.0183584
internal_weight=133.19 112.129 21.0616 12.9355 8.12614 110.34 40.3718 35.2615 33.66 69.9679 26.7154 43.2524 27.2731 8.05487 19.2182 14.2592 4.52724 6.44762 15.9793 3.95314 1.99011 21.7968 19.6574 15.2655 1.60725 1.81833 0.91204 2.44369 20.7733 5.34828
internal_count=70233 26607 43626 41154 2472 25287 1468 1252 1098 23819 4536 19283 9893 2248 7645 6125 3872 1722 9390 3682 1674 511 487 370 526 1122 605 1818 1768 135
is_linear=0
shrinkage=0.05


Tree=88
num_leaves=31
num_cat=0
split_feature=0 7 6 3 1 7 7 0 0 0 0 0 0 7 7 1 7 1 0 7 7 6 1 1 0 1 1 7 0 7
split_gain=4.38389 2.59015 2.53482 1.76467 1.58853 1.46185 1.70526 1.45547 1.40675 1.8215 1.20029 2.79845 1.86237 1.54501 1.24497 1.17979 1.36495 1.23898 1.42822 2.05168 1.1796 1.15007 1.0817 2.40222 1.63854 2.09757 3.58438 3.59961 2.22411 1.79406
threshold=15575.000000000002 1.656527777777778 2.5000000000000004 1.0000000180025095e-35 19.778839613637373 68.26944444444446 95.420833333333348 40275.000000000007 6625.0000000000009 10675.000000000002 19875.000000000004 21575.000000000004 24025.000000000004 21.81152777777778 157.31652777777779 13.514263300784213 0.13776479291666668 3.1968853820598011 79175.000000000015 3.0020833333333337 0.19925014750000003 1.5000000000000002 0.68091095613661945 0.50945977126180186 60875.000000000007 1.2931555156487256 1.4248524762884522 15.398333333333335 32675.000000000004 87.410833333333343
decision_type=2 2 2 2 2 2 2 2 2 2 2 2 2 2 2 2 2 2 2 2 2 2 2 2 2 2 2 2 2 2
left_child=1 8 3 10 5 7 -7 -5 -1 -10 -2 13 21 -12 -15 17 -17 22 -19 -20 -4 -13 23 -14 25 29 28 -28 -27 -24
right_child=2 -3 20 4 -6 6 -8 -9 9 -11 11 12 15 14 -16 16 -18 18 19 -21 -22 -23 24 -25 -26 26 27 -29 -30 -31
leaf_value=-0.02497180833261075 -0.02095873536621104 -0.04396134147482697 0.037746011050493744 0.026835803124299021 0.033193439109923374 -0.034417390886981869 0.0046941964977370116 0.0017975581895185344 0.061669493365575749 -0.013276499636214054 0.051351561757970489 -0.042642520432991049 -0.027893622250819941 -0.027114245662136899 0.037711652735525562 0.020635719008182313 -0.039847836182303559 0.029217288851862585 0.010027868790171266 -0.034798572699656298 -0.012650954832605175 0.018253672070041915 -0.027317546397594785 0.035850898787473884 -0.029257917667045524 -0.007187373990341377 0.015732110235141712 -0.033860527747645579 0.075232934800877657 0.019353902819732361
leaf_weight=0.99145737854996552 7.4977819446066851 7.2594111475191312 6.0108644552528849 8.9600075040943938 5.1415396593511096 3.3302337918430549 7.2633281187154353 14.285623559728263 0.7896902270731514 0.95443191035883501 2.7488766085880334 3.3383949829149056 1.3672115978552017 1.1809331553522495 0.14001995109720144 0.55890917312353794 2.6588961263769306 5.7498560224194106 11.730946950032374 2.1936338129162314 0.88568336889147747 0.35771965980529774 9.0189318454649783 3.3181304757308681 6.1962399698677464 0.93319920002250301 8.9009423925308493 4.8112978947174261 1.7658361386565955 1.8253184336062975
leaf_count=963 7169 33723 323 225 57 73 1027 175 567 545 764 2959 1366 1444 177 12 454 708 210 893 6 4 4848 1509 2619 453 1114 3856 627 1286
internal_value=0.000385279 -0.0298685 0.0030828 0.00119488 0.00971405 0.00529622 -0.00950921 0.0121573 0.00928664 0.0307644 -0.00322722 -0.00102212 -0.00376882 0.0347878 -0.00695504 -0.00141047 -0.0269405 0.00044446 0.0103385 0.00110759 0.0304914 -0.0341169 -0.00479349 0.0156154 -0.0080223 -0.00233 0.00879754 -0.00278754 0.0524968 -0.018491
internal_weight=132.165 9.99499 122.17 115.274 38.9807 33.8392 10.5936 23.2456 2.73558 1.74412 76.2931 68.7953 64.7255 4.06983 1.32095 61.0294 3.21781 57.8115 19.6744 13.9246 6.89655 3.69611 38.1371 4.68534 33.4518 27.2555 16.4113 13.7122 2.69904 10.8443
internal_count=70156 35798 34358 34029 1557 1500 1100 400 2075 1112 32472 25303 22918 2385 1621 19955 466 19489 1811 1103 329 2963 17678 2875 14803 12184 6050 4970 1080 6134
is_linear=0
shrinkage=0.05


Tree=89
num_leaves=31
num_cat=0
split_feature=0 7 5 5 0 1 0 7 0 1 1 8 8 8 1 3 1 7 1 7 0 0 7 7 8 7 0 0 0 4
split_gain=4.61416 3.27431 5.09438 3.45699 2.81512 1.53361 1.10672 0.861908 0.90441 0.85206 3.07497 1.35317 3.22847 1.28182 1.81104 1.10915 1.19191 1.07865 1.49208 1.29703 1.23204 1.09316 1.04631 2.16682 1.0309 1.02094 0.910221 1.67245 1.39773 1.95498
threshold=17825.000000000004 0.092348481944444463 1.0000000180025095e-35 1.0000000180025095e-35 109250.00000000001 1.081672357659017 56725.000000000007 23.489444444444448 16475.000000000004 2.0243905711506742 2.2923196064754543 64.981587408829498 38.905305956502367 1.0000000180025095e-35 0.67578533382629702 1.0000000180025095e-35 7.0936826880311843 4.3473611111111117 0.865844351712585 55.136527777777779 31225.000000000004 40775.000000000007 0.19925014750000003 4.5558333333333341 1692.0568814222668 87.410833333333343 59425.000000000007 31575.000000000004 447175.00000000006 1.0000000180025095e-35
decision_type=2 2 2 2 2 2 2 2 2 2 2 2 2 2 2 2 2 2 2 2 2 2 2 2 2 2 2 2 2 2
left_child=5 3 9 -2 -4 -1 -5 8 -7 13 -11 12 22 14 25 16 -13 20 21 -20 -16 -19 -12 -24 -18 -3 27 -25 29 -28
right_child=1 2 4 6 -6 7 -8 -9 -10 10 11 15 -14 -15 17 -17 24 18 19 -21 -22 -23 23 26 -26 -27 28 -29 -30 -31
leaf_value=-0.032034399674798035 -0.014746809846731771 -0.02750743602711583 -0.025059060956301345 0.033569919484195791 0.022930395756080718 0.038719094133578928 -0.0054203663935941202 -0.0205051949623971 -0.0090520960100620648 -0.037966329720139851 0.027239191318774832 0.022920363177390751 -0.056773662997597778 -0.011215572409247603 -0.03038971993411102 0.031742909243161054 0.011946620541490933 0.071072328316762343 0.034578698531687817 0.0010818186832407014 0.017781657713730838 -0.0096018186788849446 -0.02407066482112917 -0.024153518365983964 -0.032820586541732581 0.019335506682635006 -0.04203566382039392 0.032063653001070114 0.022239536305488854 0.0088962487104836188
leaf_weight=11.976330747653263 4.9027262981981066 2.2691158645029712 22.002347649919106 17.006630335934464 2.7280523178633294 1.1884508207440374 1.7400690233334888 1.3800078971107721 1.2509881024307103 3.2255947291851035 3.4329355228692355 2.9764053933904489 1.2932902339380223 3.4788528838835182 1.0159071880043513 6.9298781789839268 1.5672828787937763 2.1199941124941684 5.8657591205555928 5.1053425712161697 2.8942375743645243 0.23298808906110924 5.4860007367678945 0.86629376478958775 1.9555643876083193 0.946083673974499 2.3598398959147726 5.8373723952099681 3.2053975296439603 3.6600041594356298
leaf_count=34430 63 1188 18508 370 521 1618 41 3861 241 479 48 96 24 338 284 62 97 756 2079 2064 249 124 296 309 19 338 1020 469 164 92
internal_value=0.000677172 0.00421563 -0.000142026 0.0203892 -0.0190798 -0.0238234 0.0298596 0.00322779 0.018712 0.0070551 0.00270406 0.00687343 8.59162e-05 0.0144163 0.0190964 0.0191644 0.00330802 0.0253317 0.0316893 0.0203836 0.00162585 0.0626029 0.00512733 0.000525578 -0.0146662 -0.0124066 0.00991813 0.0226066 -0.000611277 -0.0142135
internal_weight=130.9 115.104 91.4545 23.6494 24.7304 15.7958 18.7467 3.81945 2.43944 66.7241 42.7959 39.5703 26.1411 23.9283 20.4494 13.4291 6.49925 17.2342 13.3241 10.9711 3.91014 2.35298 24.8478 21.4149 3.52285 3.2152 15.9289 6.70367 9.22524 6.01984
internal_count=70248 30098 29624 474 19029 40150 411 5720 1859 10595 3175 2696 2422 7420 7082 274 212 5556 5023 4143 533 880 2398 2350 116 1526 2054 778 1276 1112
is_linear=0
shrinkage=0.05


Tree=90
num_leaves=31
num_cat=0
split_feature=0 6 4 2 1 3 7 1 1 0 7 0 7 7 1 7 0 0 2 7 0 1 1 2 0 7 7 7 0 7
split_gain=5.64907 2.67367 1.74253 1.95468 3.94664 2.2279 2.11553 0.988929 2.4186 2.30926 1.37241 1.30994 1.12451 0.905139 1.09364 0.870947 0.854896 1.69739 3.35431 3.41073 2.46359 2.325 2.0566 1.45536 1.16694 1.81353 2.90644 1.09459 2.11682 1.41484
threshold=15125.000000000002 2.5000000000000004 1.0000000180025095e-35 1.0000000180025095e-35 13.514263300784213 1.0000000180025095e-35 0.092348481944444463 0.3980479701867175 0.51412455263421075 24675.000000000004 4.5558333333333341 17375.000000000004 88.841527777777785 1.656527777777778 0.58594419639748319 0.13776479291666668 649650.00000000012 59425.000000000007 1.0000000180025095e-35 3.9322222222222227 447175.00000000006 1.5932993232766222 0.61866513056835648 1.0000000180025095e-35 31225.000000000004 108.40597222222223 126.93305555555557 26.143055555555559 47675.000000000007 108.40597222222223
decision_type=2 2 2 2 2 2 2 2 2 2 2 2 2 2 2 2 2 2 2 2 2 2 2 2 2 2 2 2 2 2
left_child=13 2 7 5 -5 6 -4 -2 9 10 -9 -12 -13 14 -1 -3 17 21 20 -20 22 24 -19 -18 -10 -26 -27 28 -23 -29
right_child=1 15 3 4 -6 -7 -8 8 16 -11 11 12 -14 -15 -16 -17 23 18 19 -21 -22 27 -24 -25 25 26 -28 29 -30 -31
leaf_value=-0.028030191248328031 -0.03291027813307075 0.042493901024574954 0.034614653931164502 -0.050152858231532316 0.025003105959311284 0.033770067979997535 -0.0013118471163900392 -0.002168640826150803 -0.016693858614027401 -0.018739204655935329 -0.0072557724577857812 0.11626014310643595 -0.0053747267020103654 -0.043330055513720447 0.022452743857994464 0.0013965916157414285 0.031942477170612021 0.035483912523624726 0.033490562418554741 -0.024328172264245787 0.018221721609892202 0.030518020930587295 -0.043496998374344301 -0.01375239949951592 -0.004540656754153537 0.088066035796670966 -0.019051644040660357 -0.018209105428686496 -0.017570813965380974 0.024065184085749005
leaf_weight=1.2670682854368336 1.4649915224144923 4.8978564552962771 4.2049193661659983 2.6319616087712339 2.5023105088621378 10.383281694725154 18.947602333064424 0.47143496107309946 15.385000535126894 0.5912681080517358 0.16952005965868011 0.49981483173905872 0.12028972414555028 6.4810882849124027 1.0656037935987113 1.7388997636735437 3.3947977564530438 0.15889051705016655 4.7209719978272915 3.664094316365663 1.5936400053906261 10.852561623352814 10.632893746107582 2.1475146441953257 9.290485619712852 0.44703762236167566 0.61244364074082114 4.2712043413775964 2.1396296281018286 2.1778823338681832
leaf_count=1273 2041 309 93 65 36 117 1334 154 13483 637 351 544 157 32858 773 26 118 45 33 201 125 1909 3979 20 4555 215 535 2647 383 1187
internal_value=0.00172247 0.00466604 0.00271384 0.011188 -0.015419 0.01559 0.00637607 -0.00175654 -0.000699924 0.044473 0.0692908 0.0893269 0.103911 -0.0347801 -0.00515139 0.0333189 -0.00246775 -0.00412238 -0.0155938 0.00832489 -0.0311991 0.00137525 -0.0394235 0.0148411 -0.00836131 0.00440438 0.0469609 0.0140423 0.0219087 -0.00261879
internal_weight=128.927 120.113 113.476 38.6701 5.13427 33.5358 23.1525 74.8064 73.3414 1.85233 1.26106 0.789625 0.620105 8.81376 2.33267 6.63676 71.489 65.9467 20.7705 8.38507 12.3854 45.1762 10.7918 5.54231 25.735 10.35 1.05948 19.4413 12.9922 6.44909
internal_count=70203 35299 34964 1645 101 1544 1427 33319 31278 1843 1206 1052 701 34904 2046 335 29435 29297 4383 234 4149 24914 4024 138 18788 5305 750 6126 2292 3834
is_linear=0
shrinkage=0.05


Tree=91
num_leaves=31
num_cat=0
split_feature=4 7 1 6 1 8 1 1 8 2 7 1 1 7 7 7 8 3 1 1 6 7 7 5 1 1 7 7 1 1
split_gain=3.0181 3.35514 2.28697 1.81378 1.21697 1.1997 1.46223 1.15399 1.13136 2.52213 1.09939 0.970372 0.99419 0.918993 0.846233 0.828376 0.783404 0.76096 0.733682 1.10554 0.700146 0.768527 0.948556 1.05896 1.86399 2.20566 1.86161 1.79041 1.61509 1.7617
threshold=1.0000000180025095e-35 0.092348481944444463 0.3980479701867175 2.5000000000000004 0.46360801693205039 44.959296728050845 13.514263300784213 3.6810950955523771 232.22051079264 1.0000000180025095e-35 1.656527777777778 0.44984831672970671 0.40285089147834746 75.855833333333351 343.35902777777784 0.19925014750000003 3117.8568602318633 1.0000000180025095e-35 2.4928740944053547 1.9891286160466968 1.5000000000000002 0.02546343388888889 0.055346931944444448 1.0000000180025095e-35 0.7941661369312657 1.8875203576783794 4.3473611111111117 53.66180555555556 3.4221855157369352 0.60910969473822518
decision_type=2 2 2 2 2 2 2 2 2 2 2 2 2 2 2 2 2 2 2 2 2 2 2 2 2 2 2 2 2 2
left_child=2 -2 -1 4 11 7 -7 10 20 -10 -3 12 -4 -13 17 -5 -11 18 19 -12 21 -6 -23 24 -24 26 -26 -28 29 -25
right_child=1 5 3 15 8 6 -8 -9 9 16 14 13 -14 -15 -16 -17 -18 -19 -20 -21 -22 22 23 28 25 -27 27 -29 -30 -31
leaf_value=-0.036507940447840607 0.044492012089897427 -0.013503333378960073 0.034398339189000343 0.036921507500793475 -0.029465588532822457 -0.040100762422173752 0.011159947974216454 0.022008517894166191 -0.036370565533959114 0.029647497379902389 -0.0034125406801494072 -0.0082612141072260364 -0.023992602453913978 0.076477943099087897 -0.024236912005734666 -0.0074548983070592857 0.0016774148689133791 0.023836344445808188 -0.020083829509587248 0.035130185213003123 0.0096536273889046252 0.0080564717992039677 -0.037037983346659052 0.013746531632105614 -0.026691817386799533 -0.0096666294707272379 0.045465375865803404 0.00083818615757077846 0.018364100600579452 -0.029658766740737127
leaf_weight=4.285923384843044 5.5660664313472799 6.7567272202577469 0.18033866478071903 3.0506596050690851 3.5415074471384278 2.0147948421072206 1.9488051654770973 10.049074967391787 1.6106828827178077 5.4991663309920114 5.1763014450552856 0.19771862984634925 0.91524661649600603 0.18027317035011947 0.82443759811576534 1.0237533038598483 4.2776315473020077 6.6748303996864715 1.822999761207029 1.7772635288711169 4.4537133686826555 7.575820830767042 2.7872957012878059 2.1324489885737483 1.1100945759972116 18.369370772721595 4.481498752080368 3.8741448193904944 1.8428274356992904 15.162827635038409
leaf_count=12716 256 168 261 177 46 98 31 210 327 79 1940 570 2677 202 68 14 26 64 64 74 59 56 5436 5877 752 3321 3769 3433 578 26876
internal_value=0.000748909 0.01149 -0.00460995 -0.00252965 -0.00435781 0.00549237 -0.0177265 0.00871277 -0.00540571 0.00860423 0.00223745 0.0303286 -0.00255302 0.0583242 0.00917544 0.0264995 0.018701 0.0123231 0.00202446 0.00961693 -0.00794058 -0.00936295 -0.00763746 -0.0101384 -0.00412773 0.000337958 0.0188216 0.027075 -0.0190735 -0.0238482
internal_weight=129.164 42.6113 86.5529 82.267 78.1926 37.0452 3.9636 33.0816 76.719 11.3875 23.0326 1.47358 1.09559 0.377992 16.2758 4.07441 9.7768 15.4514 8.77656 6.95356 65.3316 60.8778 57.3363 49.7605 30.6224 27.8351 9.46574 8.35564 19.1381 17.2953
internal_count=70225 2973 67252 54536 54345 2717 129 2588 50635 432 2378 3710 2938 772 2210 191 105 2142 2078 2014 50203 50144 50098 50042 16711 11275 7954 7202 33331 32753
is_linear=0
shrinkage=0.05


Tree=92
num_leaves=31
num_cat=0
split_feature=1 6 0 1 7 0 0 0 7 0 7 7 7 0 7 0 1 7 8 7 7 0 0 3 8 8 1 0 0 7
split_gain=3.90505 3.3711 2.52054 1.62495 1.48629 1.37837 1.10065 2.47682 2.07728 1.90495 1.73652 2.16843 1.68822 1.58191 1.48811 1.19268 1.17004 1.08151 0.991961 1.44087 0.951723 0.911689 0.861426 0.861394 0.814469 2.04083 2.67303 1.49409 1.36134 2.43534
threshold=0.42569104198411606 2.5000000000000004 15575.000000000002 0.46360801693205039 1.656527777777778 9125.0000000000018 31575.000000000004 33075.000000000007 26.143055555555559 34225.000000000007 76.744861111111121 93.78388888888891 21.574722222222224 28075.000000000004 214.91916666666671 20625.000000000004 1.0170992382354631 126.93305555555557 1146.7097124840948 0.13776479291666668 716.72763888888892 29275.000000000004 6625.0000000000009 1.0000000180025095e-35 11.410946739892816 64.981587408829498 19.778839613637373 649650.00000000012 120700.00000000001 0.19925014750000003
decision_type=2 2 2 2 2 2 2 2 2 2 2 2 2 2 2 2 2 2 2 2 2 2 2 2 2 2 2 2 2 2
left_child=-1 2 4 -4 5 22 8 17 12 -9 -10 16 18 -14 24 -13 23 -8 19 -5 -16 -21 -2 -12 27 -26 -27 28 -11 -30
right_child=1 -3 3 6 -6 -7 7 9 10 14 11 15 13 -15 20 -17 -18 -19 -20 21 -22 -23 -24 -25 25 26 -28 -29 29 -31
leaf_value=-0.034887221699246837 -0.010643422476492184 0.037306220878982894 0.048767297669301969 0.0074404270389541146 -0.040472031735551049 -0.022744623600175727 0.048304299077085756 -0.036536230062800136 -0.042574164890035834 0.0083920243357332534 0.070194119288369036 0.012364603491372391 0.05633980665836591 -0.017387319325176929 0.048879732296267658 -0.036938626012716878 -0.01367998926879662 -0.013945794817210325 0.029695696101084953 -0.028159096104526639 0.0013321022416772268 0.013472908938918997 0.059058253630374785 -0.0084239929010164454 -0.042408090482036746 -0.0082224436751220167 0.040871538803875056 0.030991354583453153 0.015910131655254869 -0.026250688908859756
leaf_weight=5.7538788908277629 0.26967726773000211 6.2287194328382602 0.98339126282371481 8.7976590865291744 4.2412877699971432 0.81942015656386502 3.4855567299237005 1.8436280207533844 4.5053893004369439 36.234268431056989 0.66339180292561628 1.305842063011369 1.5353705694142257 0.48248552560107771 2.0742804577166671 2.3729379629949108 0.37489346211077645 0.37329700190457504 1.234856200928333 5.9859786541783242 1.6876821995247158 0.98836577381007362 0.37479088781401515 0.19460140587761998 2.1560835285927196 12.954119571630143 2.4617178628686807 4.5610899372259146 4.7808879557996971 7.7388844640518073
leaf_count=15024 266 376 591 107 22082 567 747 654 6017 9663 443 1683 1074 203 313 2176 435 122 54 4611 286 460 272 9 77 475 40 140 49 1305
internal_value=0.00215265 0.00417375 0.00208175 0.00386647 -0.0277142 0.010673 0.00302013 0.00599583 -0.00530468 0.00374551 -0.0232868 -0.0013858 0.00431469 0.0387911 0.00521018 -0.0205355 0.0393609 0.0406516 -0.00170298 -0.0057853 0.0323082 -0.0213096 0.0411556 0.0574259 0.00334267 -0.00576648 0.00162945 0.00639582 0.00351818 -0.0101649
internal_weight=127.464 121.711 115.482 109.777 5.70518 1.46389 108.793 80.3515 28.4418 76.4926 9.41706 4.91167 19.0247 2.01786 74.649 3.67878 1.23289 3.85885 17.0069 15.772 3.76196 6.97434 0.644468 0.857993 70.8871 17.5719 15.4158 53.3151 48.754 12.5198
internal_count=70321 55297 54921 31734 23187 1105 31143 13871 17272 13002 10763 4746 6509 1277 12348 3859 887 869 5232 5178 599 5071 538 452 11749 592 515 11157 11017 1354
is_linear=0
shrinkage=0.05


Tree=93
num_leaves=31
num_cat=0
split_feature=6 0 7 1 1 6 7 1 0 1 8 0 7 1 1 3 0 7 4 0 0 0 0 4 7 7 7 7 3 7
split_gain=3.43998 3.18381 2.19787 1.88014 2.45249 1.44214 1.41913 1.40888 1.44885 2.61238 1.50103 1.36115 2.26868 1.54299 2.38003 2.17173 1.64695 1.63629 2.30915 1.34484 1.21734 1.17578 1.29727 1.18711 1.11243 1.36475 1.07519 1.01876 1.36696 1.00992
threshold=4.5000000000000009 15575.000000000002 1.656527777777778 0.3980479701867175 0.46360801693205039 1.5000000000000002 0.66319444444444453 9.7268567054966599 65925.000000000015 1.9891286160466968 1.0000000180025095e-35 32675.000000000004 0.055346931944444448 1.3055605105640784 1.7200943396226418 1.0000000180025095e-35 34625.000000000007 42.43555555555556 1.0000000180025095e-35 23175.000000000004 38725.000000000007 24675.000000000004 24275.000000000004 1.0000000180025095e-35 21.574722222222224 24.295972222222229 4.5558333333333341 0.19925014750000003 1.0000000180025095e-35 4.7481944444444446
decision_type=2 2 2 2 2 2 2 2 2 2 2 2 2 2 2 2 2 2 2 2 2 2 2 2 2 2 2 2 2 2
left_child=1 2 6 -3 19 7 -1 8 9 10 11 12 -6 15 16 -13 -15 18 20 26 -18 22 23 -14 -25 -26 -5 -9 -29 -24
right_child=-2 3 -4 4 5 -7 -8 27 -10 -11 -12 13 21 14 -16 -17 17 -19 -20 -21 -22 -23 29 24 25 -27 -28 28 -30 -31
leaf_value=-0.024580314661341088 0.037872616799554948 -0.036140000137588273 -0.042956986030082057 -0.0048138092349944055 0.015667254577862628 0.020953546506678678 0.033348570107857474 0.040827191022353715 -0.012911000229690382 0.015044907429242442 -0.038780601588015745 -0.020846710249954752 -0.02425350497781709 0.080960717320312917 -0.0083363606962069663 0.03158737968701792 -0.010049924857775771 -0.019359733858979124 -0.011213051039096264 -0.011314029359535273 0.076596319481112729 -0.035430309508374995 -0.014399485575244892 -0.020850129553168603 0.061725130672482864 -0.006624372472108616 0.084740878023894434 -0.018389861222732465 0.015765256624536809 0.054414692119495504
leaf_weight=0.96009770414093365 4.9688275267835698 2.2565203085396197 6.0879760715179145 0.28851822126307414 5.0400280393660095 7.6034733736887565 1.3938182202982714 1.8331224415451277 24.372451848175842 21.316529581818031 2.2589690385211716 6.6732926800323202 6.642325856955722 0.8781734477961417 3.8075712434656452 1.6972034834325311 0.23698286796570767 1.3234652602986896 1.2792644475121051 0.35786819289205585 1.2480268949293529 6.4813337091763961 0.32285009231418449 0.84499547444283996 0.52528994262684126 1.0718899755738673 0.73208334398805164 3.088344488089203 9.8179448547307402 0.39945144695229828
leaf_count=1096 328 2018 33743 68 38 193 925 30 3328 3705 402 3873 10025 237 868 39 174 775 42 405 636 5215 52 114 15 232 467 693 103 324
internal_value=0.000816512 -0.00100554 -0.0288954 0.00132554 0.00241138 0.00130091 0.00943691 -0.000366897 -0.00284276 0.00125413 -0.00615082 -0.00330095 -0.0114981 0.00696843 0.0205864 -0.0079788 0.0404428 0.0175362 0.0356514 0.0526442 0.0642891 -0.0203238 -0.00798529 -0.0142196 0.0121886 0.0309658 0.0695712 0.0134079 0.00685759 0.0331547
internal_weight=125.809 120.84 8.44189 112.398 110.141 108.763 2.35392 101.16 86.4201 62.0476 40.7311 38.4721 21.3282 17.144 8.77348 8.3705 4.96591 4.08774 2.76427 1.37847 1.48501 16.2881 9.8068 9.0845 2.44218 1.59718 1.0206 14.7394 12.9063 0.722302
internal_count=70163 69835 35764 34071 32053 31113 2021 30920 30094 26766 23061 22659 16015 6644 2732 3912 1864 1627 852 940 810 15977 10762 10386 361 247 535 826 796 376
is_linear=0
shrinkage=0.05


Tree=94
num_leaves=31
num_cat=0
split_feature=0 7 6 3 7 5 2 7 1 0 7 1 5 7 7 1 1 7 7 7 0 7 7 1 7 7 0 0 1 7
split_gain=3.33755 2.16195 1.9517 1.43906 1.35098 1.25771 1.22209 1.48956 2.24873 1.39802 1.64474 1.96031 1.25559 1.79645 1.09178 1.06103 1.36465 1.69482 2.48518 1.94544 3.13517 1.36881 4.34058 1.8435 1.66659 2.19768 4.273 1.68373 1.33778 1.27804
threshold=15125.000000000002 1.656527777777778 2.5000000000000004 1.0000000180025095e-35 0.66319444444444453 1.0000000180025095e-35 1.0000000180025095e-35 4.9784722222222237 13.514263300784213 447175.00000000006 2.6197222222222227 5.5435667176802834 1.0000000180025095e-35 26.405972222222228 0.13776479291666668 13.514263300784213 1.9891286160466968 20.379861111111115 157.31652777777779 12.138888888888891 55425.000000000007 75.855833333333351 113.20180555555557 1.3958839162969146 42.43555555555556 26.986527777777781 34225.000000000007 53275.000000000007 2.0652914592683032 0.30074496361111119
decision_type=2 2 2 2 2 2 2 2 2 2 2 2 2 2 2 2 2 2 2 2 2 2 2 2 2 2 2 2 2 2
left_child=1 4 3 15 -1 -6 9 -8 -9 10 -5 12 -12 -14 -4 16 21 19 -19 29 -21 24 23 -23 25 -2 -27 -28 -20 -18
right_child=2 -3 14 6 5 -7 7 8 -10 -11 11 -13 13 -15 -16 -17 17 18 28 20 -22 22 -24 -25 -26 26 27 -29 -30 -31
leaf_value=-0.02392958528756306 -0.009710572257085659 -0.042435351076357847 0.041272834487767099 -0.027520339147627144 -0.015890660515928339 0.052642854740794359 0.023469021089652667 -0.02755680152422826 0.015753338021549979 0.04371701809202886 0.027779199208214672 -0.023505548814839423 0.025987057173649214 -0.027714366215570829 -0.001038746945844146 -0.026485289440228273 0.018388050714476075 -0.028023922499589717 0.069880601767344633 0.084981460755291782 -0.019398903402730962 0.062964912888540545 -0.025018788319161319 -0.016341859414879336 -0.038929659256386445 -0.025411509307852433 0.10319592024409924 -0.0092671835168905287 -0.005821594561335762 -0.0052258965345364063
leaf_weight=0.91580299870110993 28.494722429444668 5.5993746870517498 4.2393428729847065 1.6082962602376998 0.45680295326746978 0.94658585591241717 3.342773310840129 6.530668296327347 4.1397558692842722 3.1337218806147566 13.371761433896614 2.0483005307614794 1.973843615327495 2.2780978709924966 2.0824182592332363 3.0921254273271179 12.331218479666868 5.2735651662369483 0.22116314095910616 1.0969852207927022 0.62251328313141119 2.529899280329118 2.9581722835428081 0.48070005245972414 3.4412257062213021 1.0305956321535621 0.61952843642211508 0.22647597925970331 0.85168106912169605 9.4259230855386686
leaf_count=1167 11355 32781 308 39 271 633 29 933 43 34 281 33 50 135 28 457 174 3365 31 278 294 2335 3832 626 6055 2191 555 304 348 1146
internal_value=0.00187098 -0.0276465 0.00407775 0.00240761 0.0100868 0.0330052 0.0101026 -0.0016407 -0.0108439 0.0166423 0.0108721 0.0151904 0.0207084 -0.00258361 0.0290969 -0.00174181 -0.00028304 0.0076607 -0.0137828 0.0137838 0.0539548 -0.00628008 0.0142111 0.0493847 -0.0102016 -0.00580939 0.0362102 0.0843783 0.0359679 0.0083776
internal_weight=125.364 7.91857 117.445 111.124 2.31919 1.40339 38.4272 14.0132 10.6704 24.414 21.2803 19.672 17.6237 4.25194 6.32176 72.6965 69.6044 29.823 6.34641 23.4766 1.7195 39.7813 5.96877 3.0106 33.8125 30.3713 1.8766 0.846004 1.07284 21.7571
internal_count=70111 34852 35259 34923 2071 904 1577 1005 976 572 538 499 466 185 336 33346 32889 5636 3744 1892 572 27253 6793 2961 20460 14405 3050 859 379 1320
is_linear=0
shrinkage=0.05


Tree=95
num_leaves=31
num_cat=0
split_feature=0 6 7 4 8 1 0 0 0 0 0 7 7 0 0 7 0 7 8 0 7 0 7 5 7 7 0 0 1 1
split_gain=3.03924 2.72336 2.33755 1.61888 1.30699 1.36776 1.19122 1.70577 1.01828 1.17653 3.07452 1.28861 1.76206 1.32336 1.09025 1.21555 1.74676 1.53472 1.50246 1.59829 2.18954 2.00796 1.93345 3.02493 2.05871 3.54278 1.77673 1.61623 1.53614 1.4636
threshold=15575.000000000002 2.5000000000000004 1.656527777777778 1.0000000180025095e-35 44.959296728050845 13.514263300784213 6625.0000000000009 10675.000000000002 16025.000000000002 20225.000000000004 21775.000000000004 75.855833333333351 93.78388888888891 17525.000000000004 24025.000000000004 0.41152777777777783 447175.00000000006 0.055346931944444448 217.16070371010727 59425.000000000007 17.138750000000005 32275.000000000004 42.43555555555556 1.0000000180025095e-35 108.40597222222223 126.93305555555557 53275.000000000007 56725.000000000007 0.85997811816192571 0.6513200745023654
decision_type=2 2 2 2 2 2 2 2 2 2 2 2 2 2 2 2 2 2 2 2 2 2 2 2 2 2 2 2 2 2
left_child=2 3 6 8 -5 -6 -1 -8 -2 11 -11 -10 13 -13 -12 16 17 -16 19 20 27 -22 26 24 -24 -26 28 -17 -23 -21
right_child=1 -3 -4 4 5 -7 7 -9 9 10 14 12 -14 -15 15 18 -18 -19 -20 29 21 22 23 -25 25 -27 -28 -29 -30 -31
leaf_value=-0.023414111665105479 0.03512540810669839 0.034139482589510127 -0.042457353414326451 0.01254662056622104 -0.040421006431178595 0.011005725979017757 0.057849986718369266 -0.013896950854530044 -0.031445580909564938 0.039327721777732555 -0.027538291983808721 0.077560360975975587 -0.022897169223976208 -0.011543556903019484 -0.0041769235385677658 -0.03215385894153696 0.019231573196572954 -0.03406679791555383 0.018613751770119639 0.041270194458775195 -0.012512542923781454 -0.012580098833272128 -0.0034682869630066528 -0.033951369046310603 0.097763666125143256 -0.0058508690847337685 -0.017133096112844564 0.0372190788081889 0.070308404550168208 -0.021420926943600638
leaf_weight=0.87589384455350083 0.73349117164616373 5.775707831606268 5.6187573769129813 35.506453556066845 1.6171965333633116 1.9001440824940801 0.85279145766980924 0.93649236875353381 5.6038231097045346 3.3243268141522995 3.6645133085839907 0.17576000606641151 0.84307236937456764 0.29882877122145146 9.5355831403285318 3.9967213952040828 2.8879559487104407 7.328074672172078 9.8846197361999639 0.095547987933968126 4.1992838543956159 0.33294019193272006 2.6572788299527019 2.0378911286825314 0.92358079657424275 1.2588813865440895 0.42484129036893126 0.14465010233107012 2.9791482557484414 10.794679623650152
leaf_count=954 887 335 33769 1545 71 31 572 569 4875 2139 2665 159 1589 249 62 3286 19 260 388 156 5143 466 789 2685 100 506 264 84 1519 4126
internal_value=0.00121956 0.00334395 -0.0263536 0.00148668 0.00959832 -0.0163529 0.00991773 0.0287789 -0.00285465 -0.00370129 -0.00150708 -0.021923 0.0146692 0.0516749 -0.00423641 -0.00236926 -0.0121892 -0.0183455 0.00269208 -0.00301357 0.00573708 0.0147052 0.0256232 0.00749144 0.0277676 0.0549386 0.0503675 -0.0229629 0.0609911 -0.0174462
internal_weight=127.209 118.925 8.28394 113.149 39.0238 3.51734 2.66518 1.78928 74.1255 73.392 66.4705 6.92148 1.31766 0.474589 63.1462 59.4817 19.7516 16.8637 39.7301 29.8454 18.9552 14.8138 10.6146 6.87763 4.83974 2.18246 3.73693 4.14137 3.31209 10.8902
internal_count=70262 34398 35864 34063 1647 102 2095 1141 32416 31529 24657 6872 1997 408 22518 19853 341 322 19512 19124 14842 11472 6329 4080 1395 606 2249 3370 1985 4282
is_linear=0
shrinkage=0.05


end of trees

feature_importances:
hours_since_prev=805
amount=761
amount_ratio=638
travel_speed_kmh=147
vpn=132
velocity_1h=123
new_device=99
merchant_seen=96
new_country=68

parameters:
[boosting: gbdt]
[objective: binary]
[metric: binary_logloss]
[tree_learner: serial]
[device_type: cpu]
[data_sample_strategy: bagging]
[data: ]
[valid: ]
[num_iterations: 2000]
[learning_rate: 0.05]
[num_leaves: 31]
[num_threads: 0]
[seed: 42]
[deterministic: 1]
[force_col_wise: 0]
[force_row_wise: 1]
[histogram_pool_size: -1]
[max_depth: -1]
[min_data_in_leaf: 40]
[min_sum_hessian_in_leaf: 0.001]
[bagging_fraction: 0.9]
[pos_bagging_fraction: 1]
[neg_bagging_fraction: 1]
[bagging_freq: 1]
[bagging_seed: 400]
[bagging_by_query: 0]
[feature_fraction: 0.9]
[feature_fraction_bynode: 1]
[feature_fraction_seed: 30056]
[extra_trees: 0]
[extra_seed: 12879]
[early_stopping_round: 0]
[early_stopping_min_delta: 0]
[first_metric_only: 0]
[max_delta_step: 0]
[lambda_l1: 0]
[lambda_l2: 1]
[linear_lambda: 0]
[min_gain_to_split: 0]
[drop_rate: 0.1]
[max_drop: 50]
[skip_drop: 0.5]
[xgboost_dart_mode: 0]
[uniform_drop: 0]
[drop_seed: 17869]
[top_rate: 0.2]
[other_rate: 0.1]
[min_data_per_group: 100]
[max_cat_threshold: 32]
[cat_l2: 10]
[cat_smooth: 10]
[max_cat_to_onehot: 4]
[top_k: 20]
[monotone_constraints: ]
[monotone_constraints_method: basic]
[monotone_penalty: 0]
[feature_contri: ]
[forcedsplits_filename: ]
[refit_decay_rate: 0.9]
[cegb_tradeoff: 1]
[cegb_penalty_split: 0]
[cegb_penalty_feature_lazy: ]
[cegb_penalty_feature_coupled: ]
[path_smooth: 0]
[interaction_constraints: ]
[verbosity: -1]
[saved_feature_importance_type: 0]
[use_quantized_grad: 0]
[num_grad_quant_bins: 4]
[quant_train_renew_leaf: 0]
[stochastic_rounding: 1]
[linear_tree: 0]
[max_bin: 255]
[max_bin_by_feature: ]
[min_data_in_bin: 3]
[bin_construct_sample_cnt: 200000]
[data_random_seed: 175]
[is_enable_sparse: 1]
[enable_bundle: 1]
[use_missing: 1]
[zero_as_missing: 0]
[feature_pre_filter: 1]
[pre_partition: 0]
[two_round: 0]
[header: 0]
[label_column: ]
[weight_column: ]
[group_column: ]
[ignore_column: ]
[categorical_feature: ]
[forcedbins_filename: ]
[precise_float_parser: 0]
[parser_config_file: ]
[objective_seed: 16083]
[num_class: 1]
[is_unbalance: 0]
[scale_pos_weight: 1]
[sigmoid: 1]
[boost_from_average: 1]
[reg_sqrt: 0]
[alpha: 0.9]
[fair_c: 1]
[poisson_max_delta_step: 0.7]
[tweedie_variance_power: 1.5]
[lambdarank_truncation_level: 30]
[lambdarank_norm: 1]
[label_gain: ]
[lambdarank_position_bias_regularization: 0]
[eval_at: ]
[multi_error_top_k: 1]
[auc_mu_weights: ]
[num_machines: 1]
[local_listen_port: 12400]
[time_out: 120]
[machine_list_filename: ]
[machines: ]
[gpu_platform_id: -1]
[gpu_device_id: -1]
[gpu_device_id_list: ]
[gpu_use_dp: 0]
[num_gpu: 1]

end of parameters

pandas_categorical:null
